ano_criacao_pedido;procedimento_contratacao_detalhamento_1;procedimento_contratacao_especializacao;nome_orgao_entidade_compra;numero_processo_formatado;data_criacao_pedido;objeto_contrato;situacao_processo;criterio_julgamento;nome_empresarial_nome_fornecedor;cnpj_cpf_fornecedor_formatado;procedimento_contratacao_grupo
2025;Dispensa de Licitação;Dispensa de Licitação - Casos de emergência ou de calamidade pública;ADVOCACIA-GERAL DO ESTADO DE MINAS GERAIS;1081017 000026/2025;2025-02-27;Locação de mão de obra visando a formação pessoal e profissional de 40 (quarenta) adolescentes trabalhadores, menores de 18 (dezoito) anos, oriundos de famílias de baixa renda e/ou em situação de vulnerabilidade e risco social, selecionados e admitidos pelo Contratado, conforme critérios estabelecidos no Estatuto da ASSPROM e normas que visam a orientação e formação profissionalizante e sua inserção no mercado de trabalho, e registrados pelo regime CLT, para a execução de atividades administrativas de menor complexidade nas unidades da Advocacia-Geral do Estado de Minas Gerais, em consonância com as especificações e requisitos contidos no Termo de Referência e nos Anexos I, II e III deste instrumento.;Concluído;Por lote;ASSOCIACAO PROFISSIONALIZANTE DO MENOR DE BELO HORIZONTE -ASSPROM;19.201.128/0001-41;Bens e serviços - Lei nº 14.133/21
2025;Dispensa de Licitação;Dispensa de Licitação - Casos de emergência ou de calamidade pública;ASSEMBLEIA LEGISLATIVA DO ESTADO DE MINAS GERAIS;1011014 000121/2025;2025-06-17;CTO 34/2025 - Prestação de Serviço Telefônico Fixo Comutado ¿ STFC;Concluído;Por lote;CLARO S.A.;40.432.544/0001-47;Bens e serviços - Lei nº 14.133/21
2025;Dispensa de Licitação;Dispensa de Licitação - Casos de emergência ou de calamidade pública;ASSEMBLEIA LEGISLATIVA DO ESTADO DE MINAS GERAIS;1011014 000157/2025;2025-08-07;CTO/35/2025 - prestação de serviços de porteiros e supervisores, a serem executados com regime de dedicação exclusiva de mão de obra, conforme condições e exigências estabelecidas neste instrumento. ;Concluído;Por lote;VITHA SERVICE - EMPRESA DE ADMINISTRACAO E TERCEIRIZACAO DE SERVICOS LTDA;14.551.828/0001-42;Bens e serviços - Lei nº 14.133/21
2025;Dispensa de Licitação;Dispensa de Licitação - Casos de emergência ou de calamidade pública;CORPO DE BOMBEIROS MILITAR DE MINAS GERAIS;1401460 000057/2025;2025-12-21;CONTRATAÇÃO DE EMPRESA ESPECIALIZADA NA ÁREA DE ENGENHARIA E/OU ARQUITETURA PARA EXECUÇÃO DOS SERVIÇOS COMUM DE ENGENHARIA DE REPAROS E ADAPTAÇÕES PARA RECUPERAÇÃO DA ABM;Concluído;Por lote;GALFI SERVICOS E LOCACOES LTDA;28.397.051/0001-18;Bens e serviços - Lei nº 14.133/21
2025;Dispensa de Licitação;Dispensa de Licitação - Casos de emergência ou de calamidade pública;EMPRESA DE PESQUISA AGROPECUARIA DE MINAS GERAIS;3051006 000003/2025;2025-02-03;INEXISTENTE;Concluído;Por lote;GTA - GESTAO E TECNOLOGIA DE ALIMENTOS LTDA;10.579.195/0001-20;Bens e serviços - Lei nº 14.133/21
2025;Dispensa de Licitação;Dispensa de Licitação - Casos de emergência ou de calamidade pública;EMPRESA DE PESQUISA AGROPECUARIA DE MINAS GERAIS;3051009 000009/2025;2025-05-08;INEXISTENTE;Concluído;Por item;ESAU MAGALHAES DAMASCENO 63510707672;40.419.259/0001-96;Bens e serviços - Lei nº 14.133/21
2025;Dispensa de Licitação;Dispensa de Licitação - Casos de emergência ou de calamidade pública;EMPRESA MINEIRA DE COMUNICACAO;3151005 000009/2025;2025-05-14;INEXISTENTE;Concluído;Por lote;CROSS SEGURANCA LIMITADA;27.298.883/0001-14;Bens e serviços - Lei nº 14.133/21
2025;Dispensa de Licitação;Dispensa de Licitação - Casos de emergência ou de calamidade pública;FUNDACAO CENTRO DE HEMATOLOGIA E HEMOTERAPIA DE MG;2320310 000017/2025;2025-01-20;INEXISTENTE;Concluído;Por lote;TERUMO BCT TECNOLOGIA MEDICA LTDA.;10.141.389/0001-49;Bens e serviços - Lei nº 14.133/21
2025;Dispensa de Licitação;Dispensa de Licitação - Casos de emergência ou de calamidade pública;FUNDACAO CENTRO DE HEMATOLOGIA E HEMOTERAPIA DE MG;2320310 000018/2025;2025-01-24;istema Analítico para pesquisa de antígeno para HBsAg e anticorpos: anti-HBc, anti-HCV, anti-HTLV I/II, anti-HIV 1+2 e subtipo O, Sífilis e Chagas, para realização de testes de triagem sorológica em amostras de doadores de sangue;Concluído;Por lote;ABBOTT LABORATORIOS DO BRASIL LTDA;56.998.701/0034-84;Bens e serviços - Lei nº 14.133/21
2025;Dispensa de Licitação;Dispensa de Licitação - Casos de emergência ou de calamidade pública;FUNDACAO CENTRO DE HEMATOLOGIA E HEMOTERAPIA DE MG;2320310 000028/2025;2025-02-18;Aquisição de solução crioprotetora - Hidroxietilamido 6g 20%;Concluído;Por lote;PHARMACIA ARTESANAL LTDA;53.440.939/0006-48;Bens e serviços - Lei nº 14.133/21
2025;Dispensa de Licitação;Dispensa de Licitação - Casos de emergência ou de calamidade pública;FUNDACAO CENTRO DE HEMATOLOGIA E HEMOTERAPIA DE MG;2320310 000047/2025;2025-02-10;INEXISTENTE;Concluído;Por lote;DCB DISTRIBUIDORA CIRURGICA BRASILEIRA LTDA;20.235.404/0001-71;Bens e serviços - Lei nº 14.133/21
2025;Dispensa de Licitação;Dispensa de Licitação - Casos de emergência ou de calamidade pública;FUNDACAO CENTRO DE HEMATOLOGIA E HEMOTERAPIA DE MG;2320310 000058/2025;2025-03-10;INEXISTENTE;Concluído;Por lote;CRAL ARTIGOS PARA LABORATORIO LTDA;48.740.849/0007-13;Bens e serviços - Lei nº 14.133/21
2025;Dispensa de Licitação;Dispensa de Licitação - Casos de emergência ou de calamidade pública;FUNDACAO CENTRO DE HEMATOLOGIA E HEMOTERAPIA DE MG;2320310 000058/2025;2025-03-10;INEXISTENTE;Concluído;Por lote;MASTERMED COMERCIAL LTDA -EPP;02.662.841/0001-90;Bens e serviços - Lei nº 14.133/21
2025;Dispensa de Licitação;Dispensa de Licitação - Casos de emergência ou de calamidade pública;FUNDACAO CENTRO DE HEMATOLOGIA E HEMOTERAPIA DE MG;2320310 000058/2025;2025-03-10;INEXISTENTE;Concluído;Por lote;QUALIVIDROS DISTRIBUIDORA LTDA;06.003.551/0001-95;Bens e serviços - Lei nº 14.133/21
2025;Dispensa de Licitação;Dispensa de Licitação - Casos de emergência ou de calamidade pública;FUNDACAO CENTRO DE HEMATOLOGIA E HEMOTERAPIA DE MG;2320310 000098/2025;2025-04-25;SISTEMA ANALÍTICO PARA REALIZAÇÃO DE TESTE PARA A TRIAGEM DE DOADORES;Concluído;Por lote;DIAMED LATINO AMERICA S/A;71.015.853/0001-45;Bens e serviços - Lei nº 14.133/21
2025;Dispensa de Licitação;Dispensa de Licitação - Casos de emergência ou de calamidade pública;FUNDACAO CENTRO DE HEMATOLOGIA E HEMOTERAPIA DE MG;2320310 000138/2025;2025-06-12;INEXISTENTE;Concluído;Por lote;TERUMO BCT TECNOLOGIA MEDICA LTDA.;10.141.389/0001-49;Bens e serviços - Lei nº 14.133/21
2025;Dispensa de Licitação;Dispensa de Licitação - Casos de emergência ou de calamidade pública;FUNDACAO CENTRO DE HEMATOLOGIA E HEMOTERAPIA DE MG;2320310 000141/2025;2025-06-05;Aquisição de reagentes SYSMEX XN-1000;Concluído;Por lote;UL QUIMICA E CIENTIFICA LTDA;01.955.600/0001-76;Bens e serviços - Lei nº 14.133/21
2025;Dispensa de Licitação;Dispensa de Licitação - Casos de emergência ou de calamidade pública;FUNDACAO CENTRO DE HEMATOLOGIA E HEMOTERAPIA DE MG;2320310 000147/2025;2025-06-25;Aquisição de Emergencial Lanceta - SEI 2320.01.0008954/2025-57;Concluído;Por lote;ACCUMED PRODUTOS MEDICO HOSPITALARES LTDA;06.105.362/0001-23;Bens e serviços - Lei nº 14.133/21
2025;Dispensa de Licitação;Dispensa de Licitação - Casos de emergência ou de calamidade pública;FUNDACAO CENTRO DE HEMATOLOGIA E HEMOTERAPIA DE MG;2320310 000148/2025;2025-07-14;AQUISIÇÃO EMERGENCIAL SISTEMA ANALÍTICO PARA PESQUISA DE ANTI-TOXOPLASMOSE ;Concluído;Por lote;ABBOTT LABORATORIOS DO BRASIL LTDA;56.998.701/0034-84;Bens e serviços - Lei nº 14.133/21
2025;Dispensa de Licitação;Dispensa de Licitação - Casos de emergência ou de calamidade pública;FUNDACAO CENTRO DE HEMATOLOGIA E HEMOTERAPIA DE MG;2320310 000168/2025;2025-07-29;PRESTAÇÃO DE SERVIÇOS TÉCNICOS DE MANUTENÇÃO PREVENTIVA MENSAL E MANUTENÇÃO CORRETIVA ILIMITADA, SOB DEMANDA, DOS EQUIPAMENTOS DE AR-CONDICIONADO DA UNIDADE DE COLETA E TRANSFUSÃO - ESTAÇÃO BH,;Concluído;Por lote;TSS SERVICOS TECNICOS LTDA;45.280.841/0001-38;Bens e serviços - Lei nº 14.133/21
2025;Dispensa de Licitação;Dispensa de Licitação - Casos de emergência ou de calamidade pública;FUNDACAO CENTRO DE HEMATOLOGIA E HEMOTERAPIA DE MG;2320310 000171/2025;2025-08-13;Aquisição de Insumos para realização de testes imunohematológicos para triagem de doadores - SEI 2320.01.0011339/2025-70_x000D_ ;Concluído;Por lote;SCAN DIAGNOSTICA INDUSTRIA E COMERCIO LTDA - EPP;18.520.715/0001-30;Bens e serviços - Lei nº 14.133/21
2025;Dispensa de Licitação;Dispensa de Licitação - Casos de emergência ou de calamidade pública;FUNDACAO CENTRO DE HEMATOLOGIA E HEMOTERAPIA DE MG;2320310 000193/2025;2025-08-21;"Locação de equipamentos para &#8203;realização de procedimentos de coleta por aférese de plaquetas e de_x000D_ hemácias - SEI 2320.01.0011899/2025-82_x000D_ ";Concluído;Por lote;TERUMO BCT TECNOLOGIA MEDICA LTDA.;10.141.389/0001-49;Bens e serviços - Lei nº 14.133/21
2025;Dispensa de Licitação;Dispensa de Licitação - Casos de emergência ou de calamidade pública;FUNDACAO CENTRO DE HEMATOLOGIA E HEMOTERAPIA DE MG;2320310 000207/2025;2025-08-19;Contrato é a de Locação de equipamentos de hemoterapia, com prestação de serviços de manutenção preventiva, corretiva e calibração, (LOTE 01 E LOTE 02),;Concluído;Por lote;FRESENIUS HEMOCARE BRASIL LTDA.;49.601.107/0001-84;Bens e serviços - Lei nº 14.133/21
2025;Dispensa de Licitação;Dispensa de Licitação - Casos de emergência ou de calamidade pública;FUNDACAO CENTRO DE HEMATOLOGIA E HEMOTERAPIA DE MG;2320310 000211/2025;2025-09-03;aquisição emergencial de KITS PARA DOSAGEM DE HEMOGLOBINA E AMOSTRAS DE CONTROLE, COM COMODATO DE EQUIPAMENTOS - Processo nº 2320.01.0012057/2025-84;Concluído;Por lote;FRESENIUS HEMOCARE BRASIL LTDA.;49.601.107/0001-84;Bens e serviços - Lei nº 14.133/21
2025;Dispensa de Licitação;Dispensa de Licitação - Casos de emergência ou de calamidade pública;FUNDACAO CENTRO DE HEMATOLOGIA E HEMOTERAPIA DE MG;2320310 000220/2025;2025-09-12;para aquisição emergencial de REAGENTE PARA REALIZAÇÃO DE TESTES IMUNOHEMATOLÓGICOS PARA TRIAGEM DE DOADORES _x000D_ SEI Processo nº 2320.01.0013158/2025-39;Concluído;Por lote;FRESENIUS HEMOCARE BRASIL LTDA.;49.601.107/0001-84;Bens e serviços - Lei nº 14.133/21
2025;Dispensa de Licitação;Dispensa de Licitação - Casos de emergência ou de calamidade pública;FUNDACAO CENTRO DE HEMATOLOGIA E HEMOTERAPIA DE MG;2320310 000225/2025;2025-07-03;prestação de serviços de outsourcing de impressão, incluindo a locação dos equipamentos já instalados, assistência técnica e manutenção corretiva, preventiva e especializadas;Concluído;Por lote;CAB TECNOLOGIA E SISTEMAS COMERCIO LTDA;42.886.119/0001-53;Bens e serviços - Lei nº 14.133/21
2025;Dispensa de Licitação;Dispensa de Licitação - Casos de emergência ou de calamidade pública;FUNDACAO EZEQUIEL DIAS;2261032 000038/2025;2025-02-25;INEXISTENTE;Concluído;Por item;BIOCEN DO BRASIL LTDA;03.594.155/0001-91;Bens e serviços - Lei nº 14.133/21
2025;Dispensa de Licitação;Dispensa de Licitação - Casos de emergência ou de calamidade pública;FUNDACAO EZEQUIEL DIAS;2261032 000038/2025;2025-02-25;INEXISTENTE;Concluído;Por item;MEGALAB COMERCIO DE PRODUTOS PARA LABORATORIOS LTDA - EPP;16.865.282/0001-20;Bens e serviços - Lei nº 14.133/21
2025;Dispensa de Licitação;Dispensa de Licitação - Casos de emergência ou de calamidade pública;FUNDACAO EZEQUIEL DIAS;2261032 000038/2025;2025-02-25;INEXISTENTE;Concluído;Por item;MULTIBIO COMERCIO E REPRESENTACOES LTDA;28.352.902/0001-06;Bens e serviços - Lei nº 14.133/21
2025;Dispensa de Licitação;Dispensa de Licitação - Casos de emergência ou de calamidade pública;FUNDACAO EZEQUIEL DIAS;2261032 000038/2025;2025-02-25;INEXISTENTE;Concluído;Por item;PLAST LABOR IND.E COM.DE EQUIP.HOSP.E LABORATORIO LTDA;31.864.051/0001-95;Bens e serviços - Lei nº 14.133/21
2025;Dispensa de Licitação;Dispensa de Licitação - Casos de emergência ou de calamidade pública;FUNDACAO EZEQUIEL DIAS;2261032 000039/2025;2025-02-25;Aquisição de meios de cultura desidratados;Concluído;Por item;INTERLAB DISTRIBUIDORA DE PRODUTOS CIENTIFICOS LTDA.;46.849.303/0001-84;Bens e serviços - Lei nº 14.133/21
2025;Dispensa de Licitação;Dispensa de Licitação - Casos de emergência ou de calamidade pública;FUNDACAO EZEQUIEL DIAS;2261032 000039/2025;2025-02-25;INEXISTENTE;Concluído;Por item;ANALITICA LTDA;25.932.088/0001-00;Bens e serviços - Lei nº 14.133/21
2025;Dispensa de Licitação;Dispensa de Licitação - Casos de emergência ou de calamidade pública;FUNDACAO EZEQUIEL DIAS;2261032 000039/2025;2025-02-25;INEXISTENTE;Concluído;Por item;INTERLAB DISTRIBUIDORA DE PRODUTOS CIENTIFICOS LTDA.;46.849.303/0001-84;Bens e serviços - Lei nº 14.133/21
2025;Dispensa de Licitação;Dispensa de Licitação - Casos de emergência ou de calamidade pública;FUNDACAO EZEQUIEL DIAS;2261032 000039/2025;2025-02-26;INEXISTENTE;Concluído;Por item;INTERLAB DISTRIBUIDORA DE PRODUTOS CIENTIFICOS LTDA.;46.849.303/0001-84;Bens e serviços - Lei nº 14.133/21
2025;Dispensa de Licitação;Dispensa de Licitação - Casos de emergência ou de calamidade pública;FUNDACAO EZEQUIEL DIAS;2261032 000062/2025;2025-03-13;aquisição de MATÉRIA PRIMA - CLORETO DE BENZALCÔNIO;Concluído;Por item;EMFAL EMPRESA FORNECEDORA DE ALCOOL LTDA;65.234.544/0001-63;Bens e serviços - Lei nº 14.133/21
2025;Dispensa de Licitação;Dispensa de Licitação - Casos de emergência ou de calamidade pública;FUNDACAO EZEQUIEL DIAS;2261032 000097/2025;2025-04-28;Aquisição de BULA PARA VACINA MENC.;Concluído;Por item;OSVALDO FERNANDES SA ARTES GRAFICAS;61.407.060/0001-18;Bens e serviços - Lei nº 14.133/21
2025;Dispensa de Licitação;Dispensa de Licitação - Casos de emergência ou de calamidade pública;FUNDACAO EZEQUIEL DIAS;2261032 000097/2025;2025-04-28;Aquisição de CAIXA DE EMBARQUE PAPEL ONDULADO.;Concluído;Por item;ARTECH EMBALAGENS LTDA;47.903.860/0001-07;Bens e serviços - Lei nº 14.133/21
2025;Dispensa de Licitação;Dispensa de Licitação - Casos de emergência ou de calamidade pública;FUNDACAO EZEQUIEL DIAS;2261032 000133/2025;2025-05-26;INEXISTENTE;Concluído;Por lote;WATSON-MARLOW BREDEL INDUSTRIA E COMERCIO DE BOMBAS LTDA.;07.910.191/0001-78;Bens e serviços - Lei nº 14.133/21
2025;Dispensa de Licitação;Dispensa de Licitação - Casos de emergência ou de calamidade pública;FUNDACAO EZEQUIEL DIAS;2261032 000148/2025;2025-06-11;Aquisição de REAGENTES E PRODUTOS QUÍMICOS;Concluído;Por item;CMS CIENTIFICA DO BRASIL LTDA;31.923.850/0001-95;Bens e serviços - Lei nº 14.133/21
2025;Dispensa de Licitação;Dispensa de Licitação - Casos de emergência ou de calamidade pública;FUNDACAO EZEQUIEL DIAS;2261032 000148/2025;2025-06-11;INEXISTENTE;Concluído;Por item;ANALITICA LTDA;25.932.088/0001-00;Bens e serviços - Lei nº 14.133/21
2025;Dispensa de Licitação;Dispensa de Licitação - Casos de emergência ou de calamidade pública;FUNDACAO EZEQUIEL DIAS;2261032 000148/2025;2025-06-11;INEXISTENTE;Concluído;Por item;DINAMICA DISTRIBUICAO LTDA;46.797.348/0001-52;Bens e serviços - Lei nº 14.133/21
2025;Dispensa de Licitação;Dispensa de Licitação - Casos de emergência ou de calamidade pública;FUNDACAO EZEQUIEL DIAS;2261032 000148/2025;2025-06-11;INEXISTENTE;Concluído;Por item;GRAULAB BRASIL MATERIAL PARA LABORATORIO S A;64.568.710/0001-03;Bens e serviços - Lei nº 14.133/21
2025;Dispensa de Licitação;Dispensa de Licitação - Casos de emergência ou de calamidade pública;FUNDACAO EZEQUIEL DIAS;2261032 000148/2025;2025-06-11;INEXISTENTE;Concluído;Por item;HEXAGONO QUIMICA E EQUIPAMENTOS PARA LABORATORIOS LTDA;73.264.251/0001-57;Bens e serviços - Lei nº 14.133/21
2025;Dispensa de Licitação;Dispensa de Licitação - Casos de emergência ou de calamidade pública;FUNDACAO EZEQUIEL DIAS;2261032 000148/2025;2025-06-11;INEXISTENTE;Concluído;Por item;PRO ANALISE QUIMICA E DIAGNOSTICA LTDA;00.398.022/0002-32;Bens e serviços - Lei nº 14.133/21
2025;Dispensa de Licitação;Dispensa de Licitação - Casos de emergência ou de calamidade pública;FUNDACAO EZEQUIEL DIAS;2261032 000148/2025;2025-06-11;INEXISTENTE;Concluído;Por item;SIGMA-ALDRICH BRASIL LTDA;68.337.658/0001-27;Bens e serviços - Lei nº 14.133/21
2025;Dispensa de Licitação;Dispensa de Licitação - Casos de emergência ou de calamidade pública;FUNDACAO EZEQUIEL DIAS;2261032 000152/2025;2025-06-18;INDICADOR E EMBALAGEM PARA ESTERELIZAÇÃO  E TESTE DESAFIO PARA AUTOCLAVE;Concluído;Por item;SISPACK MEDICAL LTDA.;54.565.478/0001-98;Bens e serviços - Lei nº 14.133/21
2025;Dispensa de Licitação;Dispensa de Licitação - Casos de emergência ou de calamidade pública;FUNDACAO EZEQUIEL DIAS;2261032 000152/2025;2025-06-18;INEXISTENTE;Concluído;Por item;NEOBIO COMERCIO DE PRODUTOS PARA LABORATORIOS LTDA;08.477.087/0001-02;Bens e serviços - Lei nº 14.133/21
2025;Dispensa de Licitação;Dispensa de Licitação - Casos de emergência ou de calamidade pública;FUNDACAO EZEQUIEL DIAS;2261032 000152/2025;2025-06-18;INEXISTENTE;Concluído;Por item;QUALIVIDROS DISTRIBUIDORA LTDA;06.003.551/0001-95;Bens e serviços - Lei nº 14.133/21
2025;Dispensa de Licitação;Dispensa de Licitação - Casos de emergência ou de calamidade pública;FUNDACAO EZEQUIEL DIAS;2261032 000152/2025;2025-06-18;INEXISTENTE;Concluído;Por item;SARSTEDT LTDA;02.661.790/0001-81;Bens e serviços - Lei nº 14.133/21
2025;Dispensa de Licitação;Dispensa de Licitação - Casos de emergência ou de calamidade pública;FUNDACAO EZEQUIEL DIAS;2261032 000152/2025;2025-06-18;INEXISTENTE;Concluído;Por item;SIGMA-ALDRICH BRASIL LTDA;68.337.658/0001-27;Bens e serviços - Lei nº 14.133/21
2025;Dispensa de Licitação;Dispensa de Licitação - Casos de emergência ou de calamidade pública;FUNDACAO EZEQUIEL DIAS;2261032 000169/2025;2025-07-08;Aquisição de ampola, frasco-ampola, tampa e selo;Concluído;Por item;SCHOTT PHARMA BRASIL LTDA;33.144.437/0005-81;Bens e serviços - Lei nº 14.133/21
2025;Dispensa de Licitação;Dispensa de Licitação - Casos de emergência ou de calamidade pública;FUNDACAO EZEQUIEL DIAS;2261032 000169/2025;2025-07-08;Aquisição de ampola, frasco-ampola, tampa e selo;Concluído;Por item;WEST PHARMACEUTICAL SERVICES BRASIL LTDA;61.417.150/0001-90;Bens e serviços - Lei nº 14.133/21
2025;Dispensa de Licitação;Dispensa de Licitação - Casos de emergência ou de calamidade pública;FUNDACAO EZEQUIEL DIAS;2261032 000371/2025;2025-11-06;Contratação da prestação de serviços de LOCACAO DE CONTAINER FRIGORIFICO, TEMPERATURA ENTRE -20 A +20GRAUS CELSIUS. DIMENSOES 6,20M X 2,45M X 2,60M(C X L X A).;Concluído;Por item;TSS SERVICOS TECNICOS LTDA;45.280.841/0001-38;Bens e serviços - Lei nº 14.133/21
2025;Dispensa de Licitação;Dispensa de Licitação - Casos de emergência ou de calamidade pública;FUNDACAO HOSPITALAR DO ESTADO DE MINAS GERAIS;0500005 000044/2025;2025-05-21;INEXISTENTE;Concluído;Por lote;COMERCIAL CIRURGICA RIOCLARENSE LTDA;67.729.178/0002-20;Bens e serviços - Lei nº 14.133/21
2025;Dispensa de Licitação;Dispensa de Licitação - Casos de emergência ou de calamidade pública;FUNDACAO HOSPITALAR DO ESTADO DE MINAS GERAIS;0500005 000044/2025;2025-05-21;INEXISTENTE;Concluído;Por lote;SOMA/MG PRODUTOS HOSPITALARES LTDA;12.927.876/0001-67;Bens e serviços - Lei nº 14.133/21
2025;Dispensa de Licitação;Dispensa de Licitação - Casos de emergência ou de calamidade pública;FUNDACAO HOSPITALAR DO ESTADO DE MINAS GERAIS;0500005 000045/2025;2025-05-22;INEXISTENTE;Concluído;Por item;ANALITICA LTDA;25.932.088/0001-00;Bens e serviços - Lei nº 14.133/21
2025;Dispensa de Licitação;Dispensa de Licitação - Casos de emergência ou de calamidade pública;FUNDACAO HOSPITALAR DO ESTADO DE MINAS GERAIS;0500005 000045/2025;2025-05-22;INEXISTENTE;Concluído;Por item;QUALIVIDROS DISTRIBUIDORA LTDA;06.003.551/0001-95;Bens e serviços - Lei nº 14.133/21
2025;Dispensa de Licitação;Dispensa de Licitação - Casos de emergência ou de calamidade pública;FUNDACAO HOSPITALAR DO ESTADO DE MINAS GERAIS;0500005 000048/2025;2025-05-27;INEXISTENTE;Concluído;Por item;QUALIVIDROS DISTRIBUIDORA LTDA;06.003.551/0001-95;Bens e serviços - Lei nº 14.133/21
2025;Dispensa de Licitação;Dispensa de Licitação - Casos de emergência ou de calamidade pública;FUNDACAO HOSPITALAR DO ESTADO DE MINAS GERAIS;0500005 000049/2025;2025-05-22;INEXISTENTE;Concluído;Por item;AGIS MEDICAL PRODUTOS HOSPITALARES LTDA;05.222.267/0001-47;Bens e serviços - Lei nº 14.133/21
2025;Dispensa de Licitação;Dispensa de Licitação - Casos de emergência ou de calamidade pública;FUNDACAO HOSPITALAR DO ESTADO DE MINAS GERAIS;0500005 000049/2025;2025-05-22;INEXISTENTE;Concluído;Por item;ALFALAGOS LTDA ;05.194.502/0001-14;Bens e serviços - Lei nº 14.133/21
2025;Dispensa de Licitação;Dispensa de Licitação - Casos de emergência ou de calamidade pública;FUNDACAO HOSPITALAR DO ESTADO DE MINAS GERAIS;0500005 000049/2025;2025-05-22;INEXISTENTE;Concluído;Por item;BIOTEC PRODUTOS HOSPITALARES LTDA.;07.204.591/0001-68;Bens e serviços - Lei nº 14.133/21
2025;Dispensa de Licitação;Dispensa de Licitação - Casos de emergência ou de calamidade pública;FUNDACAO HOSPITALAR DO ESTADO DE MINAS GERAIS;0500005 000049/2025;2025-05-22;INEXISTENTE;Concluído;Por item;LABORATORIOS B BRAUN SA;31.673.254/0010-95;Bens e serviços - Lei nº 14.133/21
2025;Dispensa de Licitação;Dispensa de Licitação - Casos de emergência ou de calamidade pública;FUNDACAO HOSPITALAR DO ESTADO DE MINAS GERAIS;0500005 000049/2025;2025-05-22;INEXISTENTE;Concluído;Por item;MASTERMED COMERCIAL LTDA -EPP;02.662.841/0001-90;Bens e serviços - Lei nº 14.133/21
2025;Dispensa de Licitação;Dispensa de Licitação - Casos de emergência ou de calamidade pública;FUNDACAO HOSPITALAR DO ESTADO DE MINAS GERAIS;0500005 000049/2025;2025-05-22;INEXISTENTE;Concluído;Por item;MEDICAL - HOSP ASSESSORIA E SERVICOS LTDA -ME;04.523.992/0001-92;Bens e serviços - Lei nº 14.133/21
2025;Dispensa de Licitação;Dispensa de Licitação - Casos de emergência ou de calamidade pública;FUNDACAO HOSPITALAR DO ESTADO DE MINAS GERAIS;0500005 000049/2025;2025-05-22;INEXISTENTE;Concluído;Por item;PROTEC EXPORT INDUSTRIA, COMERCIO, IMPORTACAO E EXPORTACAO DE EQUIPAMENTOS MEDICOS HOSPITALARES LTDA;06.207.441/0001-45;Bens e serviços - Lei nº 14.133/21
2025;Dispensa de Licitação;Dispensa de Licitação - Casos de emergência ou de calamidade pública;FUNDACAO HOSPITALAR DO ESTADO DE MINAS GERAIS;0500005 000087/2025;2025-09-08;Aquisição de prestação de serviços de logística externa para transporte de material biológico humano, insumos laboratoriais, hemocomponentes, materiais correlatos e demais itens vinculados à rotina assistencial e laboratorial, no âmbito da Fundação Hospitalar do Estado de Minas Gerais ¿ FHEMIG;Concluído;Por lote;NEMLOG GESTAO E LOGISTICA LTDA;33.878.187/0001-80;Bens e serviços - Lei nº 14.133/21
2025;Dispensa de Licitação;Dispensa de Licitação - Casos de emergência ou de calamidade pública;FUNDACAO HOSPITALAR DO ESTADO DE MINAS GERAIS;0500005 000087/2025;2025-09-09;Aquisição de prestação de serviços de logística externa para transporte de material biológico humano, insumos laboratoriais, hemocomponentes, materiais correlatos e demais itens vinculados à rotina assistencial e laboratorial, no âmbito da Fundação Hospitalar do Estado de Minas Gerais ¿ FHEMIG;Concluído;Por lote;NEMLOG GESTAO E LOGISTICA LTDA;33.878.187/0001-80;Bens e serviços - Lei nº 14.133/21
2025;Dispensa de Licitação;Dispensa de Licitação - Casos de emergência ou de calamidade pública;FUNDACAO HOSPITALAR DO ESTADO DE MINAS GERAIS;0500005 000087/2025;2025-09-10;Aquisição de prestação de serviços de logística externa para transporte de material biológico humano, insumos laboratoriais, hemocomponentes, materiais correlatos e demais itens vinculados à rotina assistencial e laboratorial, no âmbito da Fundação Hospitalar do Estado de Minas Gerais ¿ FHEMIG;Concluído;Por lote;NEMLOG GESTAO E LOGISTICA LTDA;33.878.187/0001-80;Bens e serviços - Lei nº 14.133/21
2025;Dispensa de Licitação;Dispensa de Licitação - Casos de emergência ou de calamidade pública;FUNDACAO HOSPITALAR DO ESTADO DE MINAS GERAIS;0500005 000087/2025;2025-09-11;Aquisição de prestação de serviços de logística externa para transporte de material biológico humano, insumos laboratoriais, hemocomponentes, materiais correlatos e demais itens vinculados à rotina assistencial e laboratorial, no âmbito da Fundação Hospitalar do Estado de Minas Gerais ¿ FHEMIG;Concluído;Por lote;NEMLOG GESTAO E LOGISTICA LTDA;33.878.187/0001-80;Bens e serviços - Lei nº 14.133/21
2025;Dispensa de Licitação;Dispensa de Licitação - Casos de emergência ou de calamidade pública;FUNDACAO HOSPITALAR DO ESTADO DE MINAS GERAIS;0500005 000087/2025;2025-09-15;Aquisição de prestação de serviços de logística externa para transporte de material biológico humano, insumos laboratoriais, hemocomponentes, materiais correlatos e demais itens vinculados à rotina assistencial e laboratorial, no âmbito da Fundação Hospitalar do Estado de Minas Gerais ¿ FHEMIG;Concluído;Por lote;NEMLOG GESTAO E LOGISTICA LTDA;33.878.187/0001-80;Bens e serviços - Lei nº 14.133/21
2025;Dispensa de Licitação;Dispensa de Licitação - Casos de emergência ou de calamidade pública;FUNDACAO HOSPITALAR DO ESTADO DE MINAS GERAIS;0500005 000087/2025;2025-12-19;Aquisição de prestação de serviços de logística externa para transporte de material biológico humano, insumos laboratoriais, hemocomponentes, materiais correlatos e demais itens vinculados à rotina assistencial e laboratorial, no âmbito da Fundação Hospitalar do Estado de Minas Gerais ¿ FHEMIG;Concluído;Por lote;NEMLOG GESTAO E LOGISTICA LTDA;33.878.187/0001-80;Bens e serviços - Lei nº 14.133/21
2025;Dispensa de Licitação;Dispensa de Licitação - Casos de emergência ou de calamidade pública;FUNDACAO HOSPITALAR DO ESTADO DE MINAS GERAIS;0500005 000136/2025;2025-12-19;INEXISTENTE;Concluído;Por item;DISTRIBUIDORA PARANHOS ARTIGOS PARA LABORATORIOS LTDA;06.867.357/0001-58;Bens e serviços - Lei nº 14.133/21
2025;Dispensa de Licitação;Dispensa de Licitação - Casos de emergência ou de calamidade pública;FUNDACAO HOSPITALAR DO ESTADO DE MINAS GERAIS;0501044 000013/2025;2025-01-29;prestação de Serviço de Transformação de Comprimidos de Metadona e Morfina em Solução Oral;Concluído;Por item;GALLICA MANIPULACAO FARMACEUTICA LTDA -ME;05.515.179/0001-33;Bens e serviços - Lei nº 14.133/21
2025;Dispensa de Licitação;Dispensa de Licitação - Casos de emergência ou de calamidade pública;FUNDACAO HOSPITALAR DO ESTADO DE MINAS GERAIS;0501044 000033/2025;2025-02-20;INEXISTENTE;Concluído;Por lote;LABORATORIOS B BRAUN SA;31.673.254/0010-95;Bens e serviços - Lei nº 14.133/21
2025;Dispensa de Licitação;Dispensa de Licitação - Casos de emergência ou de calamidade pública;FUNDACAO HOSPITALAR DO ESTADO DE MINAS GERAIS;0501044 000111/2025;2025-05-19;INEXISTENTE;Concluído;Por lote;SOMA/MG PRODUTOS HOSPITALARES LTDA;12.927.876/0001-67;Bens e serviços - Lei nº 14.133/21
2025;Dispensa de Licitação;Dispensa de Licitação - Casos de emergência ou de calamidade pública;FUNDACAO HOSPITALAR DO ESTADO DE MINAS GERAIS;0501044 000111/2025;2025-05-20;INEXISTENTE;Concluído;Por lote;SOMA/MG PRODUTOS HOSPITALARES LTDA;12.927.876/0001-67;Bens e serviços - Lei nº 14.133/21
2025;Dispensa de Licitação;Dispensa de Licitação - Casos de emergência ou de calamidade pública;FUNDACAO HOSPITALAR DO ESTADO DE MINAS GERAIS;0501044 000127/2025;2025-05-08;Compra de materiais especiais para cirurgia vascular;Concluído;Por item;ENDOLATINA COMERCIO E REPRESENTACOES LTDA;07.942.715/0001-02;Bens e serviços - Lei nº 14.133/21
2025;Dispensa de Licitação;Dispensa de Licitação - Casos de emergência ou de calamidade pública;FUNDACAO HOSPITALAR DO ESTADO DE MINAS GERAIS;0501044 000127/2025;2025-05-08;Compra de materiais especiais para cirurgia vascular;Concluído;Por item;NUCLEOMED COMERCIO E REPRESENTACAO COMERCIAL LTDA ;14.823.642/0001-03;Bens e serviços - Lei nº 14.133/21
2025;Dispensa de Licitação;Dispensa de Licitação - Casos de emergência ou de calamidade pública;FUNDACAO HOSPITALAR DO ESTADO DE MINAS GERAIS;0501044 000140/2025;2025-06-27;INEXISTENTE;Concluído;Por item;DLM HOSPITALAR LTDA;34.186.181/0001-04;Bens e serviços - Lei nº 14.133/21
2025;Dispensa de Licitação;Dispensa de Licitação - Casos de emergência ou de calamidade pública;FUNDACAO HOSPITALAR DO ESTADO DE MINAS GERAIS;0501044 000189/2025;2025-08-28;compra de materiais especiais para cirurgia vascular;Concluído;Por lote;EFE CONSULTORIA E IMPORTACAO LTDA;29.905.551/0001-86;Bens e serviços - Lei nº 14.133/21
2025;Dispensa de Licitação;Dispensa de Licitação - Casos de emergência ou de calamidade pública;FUNDACAO HOSPITALAR DO ESTADO DE MINAS GERAIS;0501044 000189/2025;2025-08-28;compra de materiais especiais para cirurgia vascular;Concluído;Por lote;HDL LOGISTICA HOSPITALAR LTDA;11.872.656/0001-10;Bens e serviços - Lei nº 14.133/21
2025;Dispensa de Licitação;Dispensa de Licitação - Casos de emergência ou de calamidade pública;FUNDACAO HOSPITALAR DO ESTADO DE MINAS GERAIS;0501044 000213/2025;2025-09-26;compra de MEDICAMENTOS;Concluído;Por item;HDL LOGISTICA HOSPITALAR LTDA;11.872.656/0002-00;Bens e serviços - Lei nº 14.133/21
2025;Dispensa de Licitação;Dispensa de Licitação - Casos de emergência ou de calamidade pública;FUNDACAO HOSPITALAR DO ESTADO DE MINAS GERAIS;0501044 000259/2025;2025-11-11;prestação de serviços de realização de exames específicos para intoxicação por metanol;Concluído;Por lote;INSTITUTO HERMES PARDINI S/A;19.378.769/0053-05;Bens e serviços - Lei nº 14.133/21
2025;Dispensa de Licitação;Dispensa de Licitação - Casos de emergência ou de calamidade pública;FUNDACAO HOSPITALAR DO ESTADO DE MINAS GERAIS;0503007 000017/2025;2025-02-18;Contratação da prestação de Serviços de Análise Microbiológica para o Lactário do Hospital Infantil João Paulo II;Concluído;Por lote;BIO PROLAB LABORATORIO DE CONTROLE DE QUALIDADE LTDA;26.245.370/0001-82;Bens e serviços - Lei nº 14.133/21
2025;Dispensa de Licitação;Dispensa de Licitação - Casos de emergência ou de calamidade pública;FUNDACAO HOSPITALAR DO ESTADO DE MINAS GERAIS;0510037 000113/2025;2025-03-12;Compra de medicamento;Concluído;Por lote;ACACIA COMERCIO DE MEDICAMENTOS LTDA;03.945.035/0001-91;Bens e serviços - Lei nº 14.133/21
2025;Dispensa de Licitação;Dispensa de Licitação - Casos de emergência ou de calamidade pública;FUNDACAO HOSPITALAR DO ESTADO DE MINAS GERAIS;0510037 000113/2025;2025-03-12;Compra de medicamentos;Concluído;Por lote;ALFALAGOS LTDA ;05.194.502/0001-14;Bens e serviços - Lei nº 14.133/21
2025;Dispensa de Licitação;Dispensa de Licitação - Casos de emergência ou de calamidade pública;FUNDACAO HOSPITALAR DO ESTADO DE MINAS GERAIS;0510037 000113/2025;2025-03-12;Compra de medicamentos;Concluído;Por lote;BIOMIG MATERIAIS MEDICO-HOSPITALARES LTDA;22.355.622/0001-75;Bens e serviços - Lei nº 14.133/21
2025;Dispensa de Licitação;Dispensa de Licitação - Casos de emergência ou de calamidade pública;FUNDACAO HOSPITALAR DO ESTADO DE MINAS GERAIS;0510037 000113/2025;2025-03-12;Compra de medicamentos;Concluído;Por lote;CRISTALIA PRODUTOS QUIMICOS FARMACEUTICOS LTDA;44.734.671/0022-86;Bens e serviços - Lei nº 14.133/21
2025;Dispensa de Licitação;Dispensa de Licitação - Casos de emergência ou de calamidade pública;FUNDACAO HOSPITALAR DO ESTADO DE MINAS GERAIS;0510037 000113/2025;2025-03-12;Compra de medicamentos;Concluído;Por lote;MULTIFARMA COMERCIO E REPRESENTACOES LTDA.;21.681.325/0001-57;Bens e serviços - Lei nº 14.133/21
2025;Dispensa de Licitação;Dispensa de Licitação - Casos de emergência ou de calamidade pública;FUNDACAO HOSPITALAR DO ESTADO DE MINAS GERAIS;0510037 000113/2025;2025-03-12;Compra de medicamentos;Concluído;Por lote;NSA DISTRIBUIDORA DE MEDICAMENTOS LTDA;34.729.047/0001-02;Bens e serviços - Lei nº 14.133/21
2025;Dispensa de Licitação;Dispensa de Licitação - Casos de emergência ou de calamidade pública;FUNDACAO HOSPITALAR DO ESTADO DE MINAS GERAIS;0510037 000113/2025;2025-03-12;Compra de medicamentos;Concluído;Por lote;PROMEFARMA MEDICAMENTOS E PRODUTOS HOSPITALARES LTDA;81.706.251/0001-98;Bens e serviços - Lei nº 14.133/21
2025;Dispensa de Licitação;Dispensa de Licitação - Casos de emergência ou de calamidade pública;FUNDACAO HOSPITALAR DO ESTADO DE MINAS GERAIS;0510037 000118/2025;2025-03-17;aquisição de materiais médico-hospitalares;Concluído;Por lote;ALFALAGOS LTDA ;05.194.502/0001-14;Bens e serviços - Lei nº 14.133/21
2025;Dispensa de Licitação;Dispensa de Licitação - Casos de emergência ou de calamidade pública;FUNDACAO HOSPITALAR DO ESTADO DE MINAS GERAIS;0510037 000118/2025;2025-03-17;Aquisição de materiais médico-hospitalares;Concluído;Por lote;BIOTEC PRODUTOS HOSPITALARES LTDA.;07.204.591/0001-68;Bens e serviços - Lei nº 14.133/21
2025;Dispensa de Licitação;Dispensa de Licitação - Casos de emergência ou de calamidade pública;FUNDACAO HOSPITALAR DO ESTADO DE MINAS GERAIS;0510037 000118/2025;2025-03-17;Aquisição de materiais médico-hospitalares;Concluído;Por lote;C.B.S. MEDICO CIENTIFICA LTDA;48.791.685/0001-68;Bens e serviços - Lei nº 14.133/21
2025;Dispensa de Licitação;Dispensa de Licitação - Casos de emergência ou de calamidade pública;FUNDACAO HOSPITALAR DO ESTADO DE MINAS GERAIS;0510037 000118/2025;2025-03-17;Aquisição de materiais médico-hospitalares;Concluído;Por lote;CEI COMERCIO EXPORTACAO E IMP DE MAT MEDICOS LTDA;40.175.705/0001-64;Bens e serviços - Lei nº 14.133/21
2025;Dispensa de Licitação;Dispensa de Licitação - Casos de emergência ou de calamidade pública;FUNDACAO HOSPITALAR DO ESTADO DE MINAS GERAIS;0510037 000118/2025;2025-03-17;Aquisição de materiais médico-hospitalares;Concluído;Por lote;E TAMUSSINO E CIA LTDA;33.100.082/0008-71;Bens e serviços - Lei nº 14.133/21
2025;Dispensa de Licitação;Dispensa de Licitação - Casos de emergência ou de calamidade pública;FUNDACAO HOSPITALAR DO ESTADO DE MINAS GERAIS;0510037 000118/2025;2025-03-17;Aquisição de materiais médico-hospitalares;Concluído;Por lote;GJO COMERCIO E REPRESENTACOES LTDA;25.294.299/0001-65;Bens e serviços - Lei nº 14.133/21
2025;Dispensa de Licitação;Dispensa de Licitação - Casos de emergência ou de calamidade pública;FUNDACAO HOSPITALAR DO ESTADO DE MINAS GERAIS;0510037 000118/2025;2025-03-17;Aquisição de materiais médico-hospitalares;Concluído;Por lote;MANANCIAL MEDICAL LTDA;24.603.766/0001-29;Bens e serviços - Lei nº 14.133/21
2025;Dispensa de Licitação;Dispensa de Licitação - Casos de emergência ou de calamidade pública;FUNDACAO HOSPITALAR DO ESTADO DE MINAS GERAIS;0510037 000118/2025;2025-03-18;aquisição de materiais médico-hospitalares;Concluído;Por lote;ALFALAGOS LTDA ;05.194.502/0001-14;Bens e serviços - Lei nº 14.133/21
2025;Dispensa de Licitação;Dispensa de Licitação - Casos de emergência ou de calamidade pública;FUNDACAO HOSPITALAR DO ESTADO DE MINAS GERAIS;0510037 000118/2025;2025-03-18;Aquisição de materiais médico-hospitalares;Concluído;Por lote;BIOTEC PRODUTOS HOSPITALARES LTDA.;07.204.591/0001-68;Bens e serviços - Lei nº 14.133/21
2025;Dispensa de Licitação;Dispensa de Licitação - Casos de emergência ou de calamidade pública;FUNDACAO HOSPITALAR DO ESTADO DE MINAS GERAIS;0510037 000118/2025;2025-03-18;Aquisição de materiais médico-hospitalares;Concluído;Por lote;C.B.S. MEDICO CIENTIFICA LTDA;48.791.685/0001-68;Bens e serviços - Lei nº 14.133/21
2025;Dispensa de Licitação;Dispensa de Licitação - Casos de emergência ou de calamidade pública;FUNDACAO HOSPITALAR DO ESTADO DE MINAS GERAIS;0510037 000118/2025;2025-03-18;Aquisição de materiais médico-hospitalares;Concluído;Por lote;E TAMUSSINO E CIA LTDA;33.100.082/0008-71;Bens e serviços - Lei nº 14.133/21
2025;Dispensa de Licitação;Dispensa de Licitação - Casos de emergência ou de calamidade pública;FUNDACAO HOSPITALAR DO ESTADO DE MINAS GERAIS;0510037 000118/2025;2025-03-18;Aquisição de materiais médico-hospitalares;Concluído;Por lote;GJO COMERCIO E REPRESENTACOES LTDA;25.294.299/0001-65;Bens e serviços - Lei nº 14.133/21
2025;Dispensa de Licitação;Dispensa de Licitação - Casos de emergência ou de calamidade pública;FUNDACAO HOSPITALAR DO ESTADO DE MINAS GERAIS;0510037 000118/2025;2025-03-18;Aquisição de materiais médico-hospitalares;Concluído;Por lote;MANANCIAL MEDICAL LTDA;24.603.766/0001-29;Bens e serviços - Lei nº 14.133/21
2025;Dispensa de Licitação;Dispensa de Licitação - Casos de emergência ou de calamidade pública;FUNDACAO HOSPITALAR DO ESTADO DE MINAS GERAIS;0510037 000124/2025;2025-03-20;INEXISTENTE;Concluído;Por lote;MANANCIAL MEDICAL LTDA;24.603.766/0001-29;Bens e serviços - Lei nº 14.133/21
2025;Dispensa de Licitação;Dispensa de Licitação - Casos de emergência ou de calamidade pública;FUNDACAO HOSPITALAR DO ESTADO DE MINAS GERAIS;0510037 000124/2025;2025-03-20;materiais médico-hospitalares;Concluído;Por lote;ALFALAGOS LTDA ;05.194.502/0001-14;Bens e serviços - Lei nº 14.133/21
2025;Dispensa de Licitação;Dispensa de Licitação - Casos de emergência ou de calamidade pública;FUNDACAO HOSPITALAR DO ESTADO DE MINAS GERAIS;0510037 000124/2025;2025-03-20;Materiais médico-hospitalares;Concluído;Por lote;AGIS MEDICAL PRODUTOS HOSPITALARES LTDA;05.222.267/0001-47;Bens e serviços - Lei nº 14.133/21
2025;Dispensa de Licitação;Dispensa de Licitação - Casos de emergência ou de calamidade pública;FUNDACAO HOSPITALAR DO ESTADO DE MINAS GERAIS;0510037 000124/2025;2025-03-20;Materiais médico-hospitalares;Concluído;Por lote;CIRURGICA FERNANDES - COMERCIO DE MATERIAIS CIRURGICOS E HOSPITALARES - SOCIEDADE LIMITADA;61.418.042/0001-31;Bens e serviços - Lei nº 14.133/21
2025;Dispensa de Licitação;Dispensa de Licitação - Casos de emergência ou de calamidade pública;FUNDACAO HOSPITALAR DO ESTADO DE MINAS GERAIS;0510037 000124/2025;2025-03-20;Materiais médico-hospitalares;Concluído;Por lote;E TAMUSSINO E CIA LTDA;33.100.082/0008-71;Bens e serviços - Lei nº 14.133/21
2025;Dispensa de Licitação;Dispensa de Licitação - Casos de emergência ou de calamidade pública;FUNDACAO HOSPITALAR DO ESTADO DE MINAS GERAIS;0510037 000124/2025;2025-03-20;Materiais médico-hospitalares;Concluído;Por lote;LABORATORIOS B BRAUN SA;31.673.254/0010-95;Bens e serviços - Lei nº 14.133/21
2025;Dispensa de Licitação;Dispensa de Licitação - Casos de emergência ou de calamidade pública;FUNDACAO HOSPITALAR DO ESTADO DE MINAS GERAIS;0510037 000124/2025;2025-03-20;Materiais médico-hospitalares;Concluído;Por lote;MASTERMED COMERCIAL LTDA -EPP;02.662.841/0001-90;Bens e serviços - Lei nº 14.133/21
2025;Dispensa de Licitação;Dispensa de Licitação - Casos de emergência ou de calamidade pública;FUNDACAO HOSPITALAR DO ESTADO DE MINAS GERAIS;0510037 000124/2025;2025-03-21;INEXISTENTE;Concluído;Por lote;MANANCIAL MEDICAL LTDA;24.603.766/0001-29;Bens e serviços - Lei nº 14.133/21
2025;Dispensa de Licitação;Dispensa de Licitação - Casos de emergência ou de calamidade pública;FUNDACAO HOSPITALAR DO ESTADO DE MINAS GERAIS;0510037 000124/2025;2025-03-21;materiais médico-hospitalares;Concluído;Por lote;ALFALAGOS LTDA ;05.194.502/0001-14;Bens e serviços - Lei nº 14.133/21
2025;Dispensa de Licitação;Dispensa de Licitação - Casos de emergência ou de calamidade pública;FUNDACAO HOSPITALAR DO ESTADO DE MINAS GERAIS;0510037 000124/2025;2025-03-21;Materiais médico-hospitalares;Concluído;Por lote;AGIS MEDICAL PRODUTOS HOSPITALARES LTDA;05.222.267/0001-47;Bens e serviços - Lei nº 14.133/21
2025;Dispensa de Licitação;Dispensa de Licitação - Casos de emergência ou de calamidade pública;FUNDACAO HOSPITALAR DO ESTADO DE MINAS GERAIS;0510037 000124/2025;2025-03-21;Materiais médico-hospitalares;Concluído;Por lote;CIRURGICA FERNANDES - COMERCIO DE MATERIAIS CIRURGICOS E HOSPITALARES - SOCIEDADE LIMITADA;61.418.042/0001-31;Bens e serviços - Lei nº 14.133/21
2025;Dispensa de Licitação;Dispensa de Licitação - Casos de emergência ou de calamidade pública;FUNDACAO HOSPITALAR DO ESTADO DE MINAS GERAIS;0510037 000124/2025;2025-03-21;Materiais médico-hospitalares;Concluído;Por lote;MASTERMED COMERCIAL LTDA -EPP;02.662.841/0001-90;Bens e serviços - Lei nº 14.133/21
2025;Dispensa de Licitação;Dispensa de Licitação - Casos de emergência ou de calamidade pública;FUNDACAO HOSPITALAR DO ESTADO DE MINAS GERAIS;0510037 000154/2025;2025-04-01;INEXISTENTE;Concluído;Por lote;SUPREMA HIDROELETRICA LTDA - EPP;42.981.902/0001-04;Bens e serviços - Lei nº 14.133/21
2025;Dispensa de Licitação;Dispensa de Licitação - Casos de emergência ou de calamidade pública;FUNDACAO HOSPITALAR DO ESTADO DE MINAS GERAIS;0510037 000156/2025;2025-04-02;Compra de medicamentos de uso recorrente no Complexo Hospitalar de Especialidades (CHE) para uso nos Hospitais Júlia Kubitschek e Alberto Cavalcanti;Concluído;Por lote;ALFALAGOS LTDA ;05.194.502/0001-14;Bens e serviços - Lei nº 14.133/21
2025;Dispensa de Licitação;Dispensa de Licitação - Casos de emergência ou de calamidade pública;FUNDACAO HOSPITALAR DO ESTADO DE MINAS GERAIS;0510037 000156/2025;2025-04-02;Compra de medicamentos de uso recorrente no Complexo Hospitalar de Especialidades (CHE) para uso nos Hospitais Júlia Kubitschek e Alberto Cavalcanti.;Concluído;Por lote;FUTURA COMERCIO DE PRODUTOS MEDICOS E HOSPITALARES LTDA;08.231.734/0005-17;Bens e serviços - Lei nº 14.133/21
2025;Dispensa de Licitação;Dispensa de Licitação - Casos de emergência ou de calamidade pública;FUNDACAO HOSPITALAR DO ESTADO DE MINAS GERAIS;0510037 000156/2025;2025-04-02;Compra de medicamentos de uso recorrente no Complexo Hospitalar de Especialidades para uso nos Hospitais Júlia Kubitschek e Alberto Cavalcanti;Concluído;Por lote;CRISTALIA PRODUTOS QUIMICOS FARMACEUTICOS LTDA;44.734.671/0022-86;Bens e serviços - Lei nº 14.133/21
2025;Dispensa de Licitação;Dispensa de Licitação - Casos de emergência ou de calamidade pública;FUNDACAO HOSPITALAR DO ESTADO DE MINAS GERAIS;0510037 000156/2025;2025-04-02;Compra de medicamentos de uso recorrente no Complexo Hospitalar de Especialidades para uso nos Hospitais Júlia Kubitschek e Alberto Cavalcanti;Concluído;Por lote;MULTIFARMA COMERCIO E REPRESENTACOES LTDA.;21.681.325/0001-57;Bens e serviços - Lei nº 14.133/21
2025;Dispensa de Licitação;Dispensa de Licitação - Casos de emergência ou de calamidade pública;FUNDACAO HOSPITALAR DO ESTADO DE MINAS GERAIS;0510037 000156/2025;2025-04-02;Compra de medicamentos de uso recorrente no Complexo Hospitalar de Especialidades para uso nos Hospitais Júlia Kubitschek e Alberto Cavalcanti;Concluído;Por lote;SAMEH SOLUCOES HOSPITALARES LTDA;25.031.668/0001-27;Bens e serviços - Lei nº 14.133/21
2025;Dispensa de Licitação;Dispensa de Licitação - Casos de emergência ou de calamidade pública;FUNDACAO HOSPITALAR DO ESTADO DE MINAS GERAIS;0510037 000156/2025;2025-04-02;Compra de medicamentos de uso recorrente no Complexo Hospitalar de Especialidades para uso nos Hospitais Júlia Kubitschek e Alberto Cavalcanti;Concluído;Por lote;SOMA/MG PRODUTOS HOSPITALARES LTDA;12.927.876/0001-67;Bens e serviços - Lei nº 14.133/21
2025;Dispensa de Licitação;Dispensa de Licitação - Casos de emergência ou de calamidade pública;FUNDACAO HOSPITALAR DO ESTADO DE MINAS GERAIS;0510037 000156/2025;2025-04-02;Compra de medicamentos de uso recorrente no Complexo Hospitalar de Especialidades para uso nos Hospitais Júlia Kubitschek e Alberto Cavalcanti ;Concluído;Por lote;BH FARMA COMERCIO LTDA;42.799.163/0001-26;Bens e serviços - Lei nº 14.133/21
2025;Dispensa de Licitação;Dispensa de Licitação - Casos de emergência ou de calamidade pública;FUNDACAO HOSPITALAR DO ESTADO DE MINAS GERAIS;0510037 000156/2025;2025-04-02;INEXISTENTE;Concluído;Por lote;ALFALAGOS LTDA ;05.194.502/0001-14;Bens e serviços - Lei nº 14.133/21
2025;Dispensa de Licitação;Dispensa de Licitação - Casos de emergência ou de calamidade pública;FUNDACAO HOSPITALAR DO ESTADO DE MINAS GERAIS;0510037 000156/2025;2025-04-02;INEXISTENTE;Concluído;Por lote;FUTURA COMERCIO DE PRODUTOS MEDICOS E HOSPITALARES LTDA;08.231.734/0005-17;Bens e serviços - Lei nº 14.133/21
2025;Dispensa de Licitação;Dispensa de Licitação - Casos de emergência ou de calamidade pública;FUNDACAO HOSPITALAR DO ESTADO DE MINAS GERAIS;0510037 000156/2025;2025-04-02;INEXISTENTE;Concluído;Por lote;SOMA/MG PRODUTOS HOSPITALARES LTDA;12.927.876/0001-67;Bens e serviços - Lei nº 14.133/21
2025;Dispensa de Licitação;Dispensa de Licitação - Casos de emergência ou de calamidade pública;FUNDACAO HOSPITALAR DO ESTADO DE MINAS GERAIS;0510037 000156/2025;2025-04-03;Compra de medicamentos de uso recorrente no Complexo Hospitalar de Especialidades (CHE) para uso nos Hospitais Júlia Kubitschek e Alberto Cavalcanti;Concluído;Por lote;ALFALAGOS LTDA ;05.194.502/0001-14;Bens e serviços - Lei nº 14.133/21
2025;Dispensa de Licitação;Dispensa de Licitação - Casos de emergência ou de calamidade pública;FUNDACAO HOSPITALAR DO ESTADO DE MINAS GERAIS;0510037 000156/2025;2025-04-03;Compra de medicamentos de uso recorrente no Complexo Hospitalar de Especialidades (CHE) para uso nos Hospitais Júlia Kubitschek e Alberto Cavalcanti.;Concluído;Por lote;FUTURA COMERCIO DE PRODUTOS MEDICOS E HOSPITALARES LTDA;08.231.734/0005-17;Bens e serviços - Lei nº 14.133/21
2025;Dispensa de Licitação;Dispensa de Licitação - Casos de emergência ou de calamidade pública;FUNDACAO HOSPITALAR DO ESTADO DE MINAS GERAIS;0510037 000156/2025;2025-04-03;Compra de medicamentos de uso recorrente no Complexo Hospitalar de Especialidades para uso nos Hospitais Júlia Kubitschek e Alberto Cavalcanti;Concluído;Por lote;CRISTALIA PRODUTOS QUIMICOS FARMACEUTICOS LTDA;44.734.671/0022-86;Bens e serviços - Lei nº 14.133/21
2025;Dispensa de Licitação;Dispensa de Licitação - Casos de emergência ou de calamidade pública;FUNDACAO HOSPITALAR DO ESTADO DE MINAS GERAIS;0510037 000156/2025;2025-04-03;Compra de medicamentos de uso recorrente no Complexo Hospitalar de Especialidades para uso nos Hospitais Júlia Kubitschek e Alberto Cavalcanti;Concluído;Por lote;MULTIFARMA COMERCIO E REPRESENTACOES LTDA.;21.681.325/0001-57;Bens e serviços - Lei nº 14.133/21
2025;Dispensa de Licitação;Dispensa de Licitação - Casos de emergência ou de calamidade pública;FUNDACAO HOSPITALAR DO ESTADO DE MINAS GERAIS;0510037 000156/2025;2025-04-03;Compra de medicamentos de uso recorrente no Complexo Hospitalar de Especialidades para uso nos Hospitais Júlia Kubitschek e Alberto Cavalcanti;Concluído;Por lote;SAMEH SOLUCOES HOSPITALARES LTDA;25.031.668/0001-27;Bens e serviços - Lei nº 14.133/21
2025;Dispensa de Licitação;Dispensa de Licitação - Casos de emergência ou de calamidade pública;FUNDACAO HOSPITALAR DO ESTADO DE MINAS GERAIS;0510037 000156/2025;2025-04-03;Compra de medicamentos de uso recorrente no Complexo Hospitalar de Especialidades para uso nos Hospitais Júlia Kubitschek e Alberto Cavalcanti;Concluído;Por lote;SOMA/MG PRODUTOS HOSPITALARES LTDA;12.927.876/0001-67;Bens e serviços - Lei nº 14.133/21
2025;Dispensa de Licitação;Dispensa de Licitação - Casos de emergência ou de calamidade pública;FUNDACAO HOSPITALAR DO ESTADO DE MINAS GERAIS;0510037 000156/2025;2025-04-03;INEXISTENTE;Concluído;Por lote;ALFALAGOS LTDA ;05.194.502/0001-14;Bens e serviços - Lei nº 14.133/21
2025;Dispensa de Licitação;Dispensa de Licitação - Casos de emergência ou de calamidade pública;FUNDACAO HOSPITALAR DO ESTADO DE MINAS GERAIS;0510037 000156/2025;2025-04-03;INEXISTENTE;Concluído;Por lote;FUTURA COMERCIO DE PRODUTOS MEDICOS E HOSPITALARES LTDA;08.231.734/0005-17;Bens e serviços - Lei nº 14.133/21
2025;Dispensa de Licitação;Dispensa de Licitação - Casos de emergência ou de calamidade pública;FUNDACAO HOSPITALAR DO ESTADO DE MINAS GERAIS;0510037 000184/2025;2025-04-25;INEXISTENTE;Concluído;Por lote;VERTEX SOLUCOES EM AR CONDICIONADO LTDA;29.334.890/0001-50;Bens e serviços - Lei nº 14.133/21
2025;Dispensa de Licitação;Dispensa de Licitação - Casos de emergência ou de calamidade pública;FUNDACAO HOSPITALAR DO ESTADO DE MINAS GERAIS;0513007 000191/2025;2025-04-25;INEXISTENTE;Concluído;Por lote;ONCOVIT DISTRIBUIDORA DE MEDICAMENTOS LTDA;10.586.940/0001-68;Bens e serviços - Lei nº 14.133/21
2025;Dispensa de Licitação;Dispensa de Licitação - Casos de emergência ou de calamidade pública;FUNDACAO HOSPITALAR DO ESTADO DE MINAS GERAIS;0519031 000480/2025;2025-09-18;CONTRATAÇÃO DE EMPRESA ESPECIALIZADA NA PRESTAÇÃO DE SERVIÇOS CONTÍNUOS DE SEGURANÇA PATRIMONIAL E VIGILÂNCIA ARMADA COM TONFA, COM CLÁUSULA RESOLUTIVA, NAS DEPENDÊNCIAS DO HOSPITAL REGIONAL JOÃO PENIDO DA FUNDAÇÃO HOSPITALAR DO ESTADO DE MINAS GERAIS;Concluído;Por lote;FORCA TATICA VIGILANCIA E SEGURANCA LTDA;13.739.782/0003-99;Bens e serviços - Lei nº 14.133/21
2025;Dispensa de Licitação;Dispensa de Licitação - Casos de emergência ou de calamidade pública;FUNDACAO HOSPITALAR DO ESTADO DE MINAS GERAIS;0519031 000615/2025;2025-11-19;INEXISTENTE;Concluído;Por lote;MEDI-GLOBE BRASIL LTDA;04.242.860/0001-92;Bens e serviços - Lei nº 14.133/21
2025;Dispensa de Licitação;Dispensa de Licitação - Casos de emergência ou de calamidade pública;FUNDACAO HOSPITALAR DO ESTADO DE MINAS GERAIS;0519031 000676/2025;2025-12-16;Contratação de empresa especializada para fornecimento de serviços de alimentação e nutrição como produção, transporte e distribuição de refeições aos servidores, pacientes, seus acompanhantes e crianças da Creche, para a seguinte Unidade da FHEMIG: Hospital Regional João Penido.;Concluído;Por lote;MMOL REFEICOES COLETIVAS LTDA;04.305.539/0001-00;Bens e serviços - Lei nº 14.133/21
2025;Dispensa de Licitação;Dispensa de Licitação - Casos de emergência ou de calamidade pública;FUNDACAO HOSPITALAR DO ESTADO DE MINAS GERAIS;0520009 000002/2025;2025-01-28;Contratação de empresa especializada para fornecimento de serviços de alimentação e nutrição com produção, transporte e distribuição de refeições aos servidores, pacientes do lar Inclusivo para a seguinte Unidade da FHEMIG: Casa de Saúde Santa Fé (CSSFE);Concluído;Por lote;SAMIR CAVALCANTE AUR;18.261.811/0001-01;Bens e serviços - Lei nº 14.133/21
2025;Dispensa de Licitação;Dispensa de Licitação - Casos de emergência ou de calamidade pública;FUNDACAO HOSPITALAR DO ESTADO DE MINAS GERAIS;0520009 000002/2025;2025-10-14;Contratação de empresa especializada para fornecimento de serviços de alimentação e nutrição com produção, transporte e distribuição de refeições aos servidores, pacientes do lar Inclusivo para a seguinte Unidade da FHEMIG: Casa de Saúde Santa Fé (CSSFE);Concluído;Por lote;SAMIR CAVALCANTE AUR;18.261.811/0001-01;Bens e serviços - Lei nº 14.133/21
2025;Dispensa de Licitação;Dispensa de Licitação - Casos de emergência ou de calamidade pública;FUNDACAO HOSPITALAR DO ESTADO DE MINAS GERAIS;0525005 000079/2025;2025-04-24;INEXISTENTE;Concluído;Por lote;ALFALAGOS LTDA ;05.194.502/0001-14;Bens e serviços - Lei nº 14.133/21
2025;Dispensa de Licitação;Dispensa de Licitação - Casos de emergência ou de calamidade pública;FUNDACAO HOSPITALAR DO ESTADO DE MINAS GERAIS;0525005 000083/2025;2025-05-07;INEXISTENTE;Concluído;Por lote;PURAH MEDICAL & CO LTDA;28.345.933/0001-30;Bens e serviços - Lei nº 14.133/21
2025;Dispensa de Licitação;Dispensa de Licitação - Casos de emergência ou de calamidade pública;FUNDACAO HOSPITALAR DO ESTADO DE MINAS GERAIS;0525005 000115/2025;2025-06-18;INEXISTENTE;Concluído;Por item;INOVAMED HOSPITALAR LTDA;12.889.035/0001-02;Bens e serviços - Lei nº 14.133/21
2025;Dispensa de Licitação;Dispensa de Licitação - Casos de emergência ou de calamidade pública;FUNDACAO HOSPITALAR DO ESTADO DE MINAS GERAIS;0525005 000118/2025;2025-06-18;INEXISTENTE;Concluído;Por lote;MULTIFARMA COMERCIO E REPRESENTACOES LTDA.;21.681.325/0001-57;Bens e serviços - Lei nº 14.133/21
2025;Dispensa de Licitação;Dispensa de Licitação - Casos de emergência ou de calamidade pública;FUNDACAO HOSPITALAR DO ESTADO DE MINAS GERAIS;0525005 000229/2025;2025-11-03;PRESTAÇÃO DE SERVIÇOS DE ASPIRAÇÃO ULTRASSÔNICA, NEURONAVEGAÇÃO COM ESFERAS E NEURONAVEGAÇÃO COM ESFERAS E BIOPSIA, SEM DEDICAÇÃO EXCLUSIVA DE MÃO DE OBRA;Concluído;Por lote;TRAUMINAS DISTRIBUIDORA DE MATERIAIS CIRURGICOS HOSPITALARES S.A.;41.721.051/0001-90;Bens e serviços - Lei nº 14.133/21
2025;Dispensa de Licitação;Dispensa de Licitação - Casos de emergência ou de calamidade pública;FUNDACAO HOSPITALAR DO ESTADO DE MINAS GERAIS;0525005 000237/2025;2025-11-10;INEXISTENTE;Concluído;Por lote;PANAMEDICAL SISTEMAS LTDA;65.482.309/0001-00;Bens e serviços - Lei nº 14.133/21
2025;Dispensa de Licitação;Dispensa de Licitação - Casos de emergência ou de calamidade pública;FUNDACAO HOSPITALAR DO ESTADO DE MINAS GERAIS;0525005 000243/2025;2025-11-11;CONTRATAÇÃO DA PRESTAÇÃO DE SERVIÇOS DE LOCAÇÃO DE MICROSCÓPIO CIRÚRGICO PARA O COMPLEXO HOSPITALAR DE BARBACENA, SEM DEDICAÇÃO EXCLUSIVA DE MÃO DE OBRA;Concluído;Por item;LAVITAL MATERIAIS CIRURGICOS LTDA;35.042.280/0001-85;Bens e serviços - Lei nº 14.133/21
2025;Dispensa de Licitação;Dispensa de Licitação - Casos de emergência ou de calamidade pública;FUNDACAO HOSPITALAR DO ESTADO DE MINAS GERAIS;0525005 000244/2025;2025-11-10;CONTRATAÇÃO DA PRESTAÇÃO DE SERVIÇOS DE LOCAÇÃO DE CAIXA DE INSTRUMENTAIS - USO MÉDICO CIRÚRGICO - CRANIOTOMIA, COLUNA LOMBAR, MICROCIRURGIA E COLUNA CERVICAL, SEM DEDICAÇÃO EXCLUSIVA DE MÃO DE OBRA;Concluído;Por lote;CIRURTECH COMERCIO E MANUTENCAO DE MATERIAIS CIRURGICOS LTDA;18.836.913/0001-08;Bens e serviços - Lei nº 14.133/21
2025;Dispensa de Licitação;Dispensa de Licitação - Casos de emergência ou de calamidade pública;FUNDACAO HOSPITALAR DO ESTADO DE MINAS GERAIS;0525005 000245/2025;2025-11-11;"AQUISIÇÃO DE CLIPS USO MEDICO - APLICACAO: ANEURISMA; TIPO: PERMANENTE E CLIPS USO MEDICO - APLICACAO: ANEURISMA; TIPO: TEMPORARIO PARA O COMPLEXO HOSPITALAR DE BARBACENA";Concluído;Por lote;COMERCIO E DISTRIBUICAO ALLBORG MED LTDA EPP;11.796.403/0001-05;Bens e serviços - Lei nº 14.133/21
2025;Dispensa de Licitação;Dispensa de Licitação - Casos de emergência ou de calamidade pública;FUNDACAO HOSPITALAR DO ESTADO DE MINAS GERAIS;0525005 000246/2025;2025-11-12;CONTRATAÇÃO DA PRESTAÇÃO DE SERVIÇOS DE ENDOSCOPIA CEREBRAL - ACESSO VENTRICULAR E ENDOSCOPIA CEREBRAL - ACESSO BASE DE CRÂNIO/HIPÓFISE PARA O COMPLEXO HOSPITALAR DE BARBACENA, SEM DEDICAÇÃO EXCLUSIVA DE MÃO DE OBRA;Concluído;Por lote;GERAIS EMPREENDIMENTOS HOSPITALARES LTDA;25.456.112/0001-82;Bens e serviços - Lei nº 14.133/21
2025;Dispensa de Licitação;Dispensa de Licitação - Casos de emergência ou de calamidade pública;FUNDACAO HOSPITALAR DO ESTADO DE MINAS GERAIS;0525005 000248/2025;2025-11-13;CONTRATAÇÃO DA PRESTAÇÃO DE SERVIÇO DE ELETROMONITORIZAÇÃO NEUROFISIOLÓGICA INTRAOPERATÓRIA, PARA O COMPLEXO HOSPITALAR DE BARBACENA, SEM DEDICAÇÃO EXCLUSIVA DE MÃO DE OBRA;Concluído;Por item;DR ETELVINO MOTA SERVICOS MEDICOS LTDA;10.319.658/0001-14;Bens e serviços - Lei nº 14.133/21
2025;Dispensa de Licitação;Dispensa de Licitação - Casos de emergência ou de calamidade pública;FUNDACAO HOSPITALAR DO ESTADO DE MINAS GERAIS;0525005 000254/2025;2025-11-24;CONTRATAÇÃO DA PRESTAÇÃO DE SERVIÇOS DE ENDOSCOPIA DE COLUNA, sem dedicação exclusiva de mão de obra;Concluído;Por lote;ENDOMINAS MATERIAL HOSPITALAR LTDA;40.855.730/0001-99;Bens e serviços - Lei nº 14.133/21
2025;Dispensa de Licitação;Dispensa de Licitação - Casos de emergência ou de calamidade pública;FUNDACAO HOSPITALAR DO ESTADO DE MINAS GERAIS;0525005 000271/2025;2025-12-03;AQUISIÇÃO DE MATERIAL MÉDICO, SOB A FORMA DE ENTREGA PARCELADA, PARA O COMPLEXO HOSPITALAR DE BARBACENA;Concluído;Por lote;CEI COMERCIO EXPORTACAO E IMP DE MAT MEDICOS LTDA;40.175.705/0001-64;Bens e serviços - Lei nº 14.133/21
2025;Dispensa de Licitação;Dispensa de Licitação - Casos de emergência ou de calamidade pública;FUNDACAO HOSPITALAR DO ESTADO DE MINAS GERAIS;0525005 000272/2025;2025-12-04;O objeto do presente Termo de Contrato é AQUISIÇÃO DE MATERIAL MÉDICO HOSPITALAR - SENSOR PARA EQUIPAMENTO MÉDICO HOSPITALAR (COM COMODATO), COM ENTREGA PARCELADA, PARA O COMPLEXO HOSPITALAR DE BARBACENA, conforme  condições e exigências estabelecidas no Termo de Referência.;Concluído;Por lote;FRESENIUS KABI BRASIL LTDA.;49.324.221/0001-04;Bens e serviços - Lei nº 14.133/21
2025;Dispensa de Licitação;Dispensa de Licitação - Casos de emergência ou de calamidade pública;FUNDACAO HOSPITALAR DO ESTADO DE MINAS GERAIS;0525005 000278/2025;2025-12-05;Aquisição de material médico, sob a forma de entrega parcelada, para o Complexo Hospitalar de Barbacena, conforme  condições e exigências estabelecidas no Termo de Referência.;Concluído;Por lote;BIOTEC PRODUTOS HOSPITALARES LTDA.;07.204.591/0001-68;Bens e serviços - Lei nº 14.133/21
2025;Dispensa de Licitação;Dispensa de Licitação - Casos de emergência ou de calamidade pública;FUNDACAO HOSPITALAR DO ESTADO DE MINAS GERAIS;0525005 000298/2025;2025-12-12; Aquisição de material médico hospitalar- COMPRESSA NEUROCIRÚRGICA;Concluído;Por lote;MASTERMED COMERCIAL LTDA -EPP;02.662.841/0001-90;Bens e serviços - Lei nº 14.133/21
2025;Dispensa de Licitação;Dispensa de Licitação - Casos de emergência ou de calamidade pública;FUNDACAO HOSPITALAR DO ESTADO DE MINAS GERAIS;0525005 000310/2025;2025-12-22;Contratação de prestação de serviços para realização de EXAME DE ELETROENCEFALOGRAMA COM EMISSAO DE LAUDO, sem dedicação exclusiva de mão de obra;Concluído;Por lote;INSTITUTO DE MEDICINA AVANCADA BARBACENA LTDA;11.323.668/0001-96;Bens e serviços - Lei nº 14.133/21
2025;Dispensa de Licitação;Dispensa de Licitação - Casos de emergência ou de calamidade pública;INST.DE PREVIDENCIA DOS SERVIDORES DO EST.M.GERAIS;2012015 000045/2025;2025-01-17;Aquisição EMERGENCIAL de MATERIAL do tipo ESPARADRAPO ISENTO DE LÁTEX, para o abastecimento do Almoxarifado do Hospital Governador Israel Pinheiro - HGIP;Concluído;Por item;CREMER S.A.;82.641.325/0021-61;Bens e serviços - Lei nº 14.133/21
2025;Dispensa de Licitação;Dispensa de Licitação - Casos de emergência ou de calamidade pública;INST.DE PREVIDENCIA DOS SERVIDORES DO EST.M.GERAIS;2012015 000050/2025;2025-01-23;INEXISTENTE;Concluído;Por item;QUALITY COMMERCE DISTRIBUIDORA HOSPITALAR LTDA;65.141.046/0001-76;Bens e serviços - Lei nº 14.133/21
2025;Dispensa de Licitação;Dispensa de Licitação - Casos de emergência ou de calamidade pública;INST.DE PREVIDENCIA DOS SERVIDORES DO EST.M.GERAIS;2012015 000058/2025;2025-02-12;aquisição emergencial de Coletor de Urina para o abastecimento do Almoxarifado do Hospital Governador Israel Pinheiro - HGIP, sob a forma de entrega parcelada, pelo período de 12 (doze) meses;Concluído;Por item;CIRURGICA FERNANDES - COMERCIO DE MATERIAIS CIRURGICOS E HOSPITALARES - SOCIEDADE LIMITADA;61.418.042/0001-31;Bens e serviços - Lei nº 14.133/21
2025;Dispensa de Licitação;Dispensa de Licitação - Casos de emergência ou de calamidade pública;INST.DE PREVIDENCIA DOS SERVIDORES DO EST.M.GERAIS;2012015 000064/2025;2025-01-29;INEXISTENTE;Concluído;Por item;HOSPINOVA DISTRIBUIDORA DE PRODUTOS HOSPITALARES LTDA.;12.499.494/0002-60;Bens e serviços - Lei nº 14.133/21
2025;Dispensa de Licitação;Dispensa de Licitação - Casos de emergência ou de calamidade pública;INST.DE PREVIDENCIA DOS SERVIDORES DO EST.M.GERAIS;2012015 000069/2025;2025-02-12; aquisição do medicamento OMEPRAZOL 40 MG para o abastecimento do Almoxarifado do Hospital Governador Israel Pinheiro - HGIP, sob a forma de entrega parcelada, pelo período de 12 (doze) meses;Concluído;Por item;MULTIFARMA COMERCIO E REPRESENTACOES LTDA.;21.681.325/0001-57;Bens e serviços - Lei nº 14.133/21
2025;Dispensa de Licitação;Dispensa de Licitação - Casos de emergência ou de calamidade pública;INST.DE PREVIDENCIA DOS SERVIDORES DO EST.M.GERAIS;2012015 000081/2025;2025-03-11;O objeto do presente Contrato é a aquisição de MATERIAL do ti po ATADURAS, para o abastecimento do Almoxarifado do Hospital Governador IsraelPinheiro - HGIP, sob a forma de ENTREGA PARCELADA, pelo período de 12 (DOZE) MESES.;Concluído;Por item;CREMER S.A.;82.641.325/0021-61;Bens e serviços - Lei nº 14.133/21
2025;Dispensa de Licitação;Dispensa de Licitação - Casos de emergência ou de calamidade pública;INST.DE PREVIDENCIA DOS SERVIDORES DO EST.M.GERAIS;2012015 000088/2025;2025-02-21;aquisição emergencial do medicamento CEFTRIAXONA, para o abastecimento do Almoxarifado do Hospital Governador Israel Pinheiro - HGIP, sob a forma de_x000D_ entrega parcelada, pelo período de 12 (doze) meses;Concluído;Por item;MAEVE PRODUTOS HOSPITALARES LTDA;09.034.672/0001-92;Bens e serviços - Lei nº 14.133/21
2025;Dispensa de Licitação;Dispensa de Licitação - Casos de emergência ou de calamidade pública;INST.DE PREVIDENCIA DOS SERVIDORES DO EST.M.GERAIS;2012015 000092/2025;2025-03-12;INEXISTENTE;Concluído;Por item;BHMED- SUPRIMENTO HOSPITALAR LTDA - EPP;05.229.301/0001-05;Bens e serviços - Lei nº 14.133/21
2025;Dispensa de Licitação;Dispensa de Licitação - Casos de emergência ou de calamidade pública;INST.DE PREVIDENCIA DOS SERVIDORES DO EST.M.GERAIS;2012015 000093/2025;2025-02-11; Aquisição EMERGENCIAL de MEDICAMENTO do tipo AZTREONAM.;Concluído;Por item;CRISTALIA PRODUTOS QUIMICOS FARMACEUTICOS LTDA;44.734.671/0022-86;Bens e serviços - Lei nº 14.133/21
2025;Dispensa de Licitação;Dispensa de Licitação - Casos de emergência ou de calamidade pública;INST.DE PREVIDENCIA DOS SERVIDORES DO EST.M.GERAIS;2012015 000096/2025;2025-02-12;Aquisição EMERGENCIAL de MEDICAMENTO do tipo NALOXONA, para o abastecimento do Almoxarifado do Hospital Governador Israel Pinheiro - HGIP, sob a forma de ENTREGA PARCELADA, pelo período de 12 (DOZE) MESES.;Concluído;Por item;SOMA/MG PRODUTOS HOSPITALARES LTDA;12.927.876/0001-67;Bens e serviços - Lei nº 14.133/21
2025;Dispensa de Licitação;Dispensa de Licitação - Casos de emergência ou de calamidade pública;INST.DE PREVIDENCIA DOS SERVIDORES DO EST.M.GERAIS;2012015 000103/2025;2025-03-13;aquisição emergencial de material médico-hospitalar do tipo Cateter balão de troca rápida, mediante consignação, necessários à realização dos procedimentos hemodinâmicos da Clínica de Hemodinâmica e Cardiologia intervencionista do Hospital Governador Israel Pinheiro HGIP, sob a forma de entrega anual/parcelada, pelo período de 12 (doze) meses;Concluído;Por item;AUTO SUTURE DO BRASIL LTDA.;01.645.409/0003-90;Bens e serviços - Lei nº 14.133/21
2025;Dispensa de Licitação;Dispensa de Licitação - Casos de emergência ou de calamidade pública;INST.DE PREVIDENCIA DOS SERVIDORES DO EST.M.GERAIS;2012015 000103/2025;2025-03-13;aquisição emergencial de material médico-hospitalar do tipo Cateter balão de troca rápida, mediante consignação, necessários à realização dos procedimentos hemodinâmicos da Clínica de Hemodinâmica e Cardiologia intervencionista do Hospital Governador Israel Pinheiro HGIP, sob a forma de entrega anual/parcelada, pelo período de 12 (doze) meses;Concluído;Por item;SIGNUS DO BRASIL COMERCIO IMPORTACAO E EXPORTACAO DE MATERIAIS HOSPITALARES LTDA;08.787.799/0001-10;Bens e serviços - Lei nº 14.133/21
2025;Dispensa de Licitação;Dispensa de Licitação - Casos de emergência ou de calamidade pública;INST.DE PREVIDENCIA DOS SERVIDORES DO EST.M.GERAIS;2012015 000104/2025;2025-03-14;aquisição do medicamento Insulina Lispro para o abastecimento do Almoxarifado do Hospital Governador Israel Pinheiro - HGIP, sob a forma de entrega parcelada, pelo período de 12 (doze) meses;Concluído;Por item;ONCO PROD DISTRIBUIDORA DE PRODUTOS HOSPITALARES E ONCOLOGICOS LTDA.;04.307.650/0026-93;Bens e serviços - Lei nº 14.133/21
2025;Dispensa de Licitação;Dispensa de Licitação - Casos de emergência ou de calamidade pública;INST.DE PREVIDENCIA DOS SERVIDORES DO EST.M.GERAIS;2012015 000105/2025;2025-02-19;A aquisição EMERGENCIAL de AMPICILINA+SULBACTAM e OUTROS, para o abastecimento do Almoxarifado do Hospital Governador Israel Pinheiro - HGIP.;Concluído;Por item;VIVA FARMACEUTICA S/A;10.447.355/0001-87;Bens e serviços - Lei nº 14.133/21
2025;Dispensa de Licitação;Dispensa de Licitação - Casos de emergência ou de calamidade pública;INST.DE PREVIDENCIA DOS SERVIDORES DO EST.M.GERAIS;2012015 000107/2025;2025-04-14;contratação de serviço de licenças de software com garantia de atualizações e suporte técnico pelo prazo de até 12 (doze) meses e Unidades de Serviços Técnicos especializados nas soluções de softwares atuais da fabricante Microsoft, conforme especificações, condições, quantidades e exigências estabelecidas no Termo de Referência.;Concluído;Por item;BRASOFTWARE INFORMATICA LTDA;57.142.978/0001-05;Bens e serviços - Lei nº 14.133/21
2025;Dispensa de Licitação;Dispensa de Licitação - Casos de emergência ou de calamidade pública;INST.DE PREVIDENCIA DOS SERVIDORES DO EST.M.GERAIS;2012015 000109/2025;2025-02-28;O objeto do presente Contrato é a aquisição de suprimentos Odontológicos, em caráter de COMPRA EMERGENCIAL, para as Clínicas da Gerência Odontológica do IPSEMG, para suprir a demanda por um período de 12 (doze ) meses, sob a forma de entrega parcelada.;Concluído;Por item;BIOLINE FIOS CIRURGICOS LTDA;37.844.479/0002-33;Bens e serviços - Lei nº 14.133/21
2025;Dispensa de Licitação;Dispensa de Licitação - Casos de emergência ou de calamidade pública;INST.DE PREVIDENCIA DOS SERVIDORES DO EST.M.GERAIS;2012015 000109/2025;2025-03-10;O objeto do presente Contrato é a aquisição de suprimentos Odontológicos, em caráter de COMPRA EMERGENCIAL, para as Clínicas da Gerência Odontológica do IPSEMG, para suprir a demanda por um período de 12 (doze ) meses, sob a forma de entrega parcelada.;Concluído;Por item;EMIGE MATERIAIS ODONTOLOGICOS LTDA;71.505.564/0001-24;Bens e serviços - Lei nº 14.133/21
2025;Dispensa de Licitação;Dispensa de Licitação - Casos de emergência ou de calamidade pública;INST.DE PREVIDENCIA DOS SERVIDORES DO EST.M.GERAIS;2012015 000111/2025;2025-01-22; Aquisição EMERGENCIAL de MEDICAMENTO do tipo DESMOPRESSINA, para o abastecimento do Almoxarifado do Hospital Governador Israel Pinheiro - HGIP,;Concluído;Por item;NSA DISTRIBUIDORA DE MEDICAMENTOS LTDA;34.729.047/0001-02;Bens e serviços - Lei nº 14.133/21
2025;Dispensa de Licitação;Dispensa de Licitação - Casos de emergência ou de calamidade pública;INST.DE PREVIDENCIA DOS SERVIDORES DO EST.M.GERAIS;2012015 000122/2025;2025-03-13;Aquisição EMERGENCIAL de MATERIAL do tipo LUVA CIRURGICA DESCARTAVEL ESTERIL, para o abastecimento do Almoxarifado do Hospital Governador Israel Pinheiro - HGIP;Concluído;Por item;ALFALAGOS LTDA ;05.194.502/0001-14;Bens e serviços - Lei nº 14.133/21
2025;Dispensa de Licitação;Dispensa de Licitação - Casos de emergência ou de calamidade pública;INST.DE PREVIDENCIA DOS SERVIDORES DO EST.M.GERAIS;2012015 000133/2025;2025-05-07;contratação de serviço de licenças de software com garantia de atualizações e suporte técnico pelo prazo de até 12 (doze) meses e Unidades de Serviços Técnicos especializados nas soluções de softwares atuais da fabricante Microsoft, conforme especificações, condições, quantidades e exigências estabelecidas no Termo de Referência.;Concluído;Por item;BRASOFTWARE INFORMATICA LTDA;57.142.978/0001-05;Bens e serviços - Lei nº 14.133/21
2025;Dispensa de Licitação;Dispensa de Licitação - Casos de emergência ou de calamidade pública;INST.DE PREVIDENCIA DOS SERVIDORES DO EST.M.GERAIS;2012015 000143/2025;2025-04-01;Aquisição Emergencial de OCTREOTIDA 30MG, em atenção à Ordem Judicial de HBS para continuidade do seu tratamento no Hospital Governador Israel Pinheiro - HGIP;Concluído;Por item;ONCO PROD DISTRIBUIDORA DE PRODUTOS HOSPITALARES E ONCOLOGICOS LTDA.;04.307.650/0012-98;Bens e serviços - Lei nº 14.133/21
2025;Dispensa de Licitação;Dispensa de Licitação - Casos de emergência ou de calamidade pública;INST.DE PREVIDENCIA DOS SERVIDORES DO EST.M.GERAIS;2012015 000144/2025;2025-02-21; A aquisição EMERGENCIAL de Material Médico-Hospitalar do tipo Tesoura Coaguladora, utilizado em procedimentos das Clínica de Cirurgia Geral, Coloproctologia, Ginecologia, Urologia e Cirurgia Torácica, realizado no Hospital Governador Israel Pinheiro-HGIP/IPSEMG;Concluído;Por item;GJO COMERCIO E REPRESENTACOES LTDA;25.294.299/0001-65;Bens e serviços - Lei nº 14.133/21
2025;Dispensa de Licitação;Dispensa de Licitação - Casos de emergência ou de calamidade pública;INST.DE PREVIDENCIA DOS SERVIDORES DO EST.M.GERAIS;2012015 000155/2025;2025-04-02;A aquisição EMERGENCIAL de FIOS CIRÚRGICOS I, para o abastecimento do Almoxarifado do Hospital Governador Israel Pinheiro ;Concluído;Por item;BIOLINE FIOS CIRURGICOS LTDA;37.844.479/0002-33;Bens e serviços - Lei nº 14.133/21
2025;Dispensa de Licitação;Dispensa de Licitação - Casos de emergência ou de calamidade pública;INST.DE PREVIDENCIA DOS SERVIDORES DO EST.M.GERAIS;2012015 000155/2025;2025-04-02;A aquisição EMERGENCIAL de FIOS CIRÚRGICOS I, para o abastecimento do Almoxarifado do Hospital Governador Israel Pinheiro - HGIP.;Concluído;Por item;SHALON FIOS CIRURGICOS LTDA;33.348.467/0001-86;Bens e serviços - Lei nº 14.133/21
2025;Dispensa de Licitação;Dispensa de Licitação - Casos de emergência ou de calamidade pública;INST.DE PREVIDENCIA DOS SERVIDORES DO EST.M.GERAIS;2012015 000155/2025;2025-04-02;Aquisição EMERGENCIAL de FIOS CIRÚRGICOS I, para o abastecimento do Almoxarifado do Hospital Governador Israel Pinheiro - HGIP,;Concluído;Por item;JOHNSON & JOHNSON DO BRASIL INDUSTRIA E COMERCIO DE PRODUTOS PARA SAUDE LTDA.;54.516.661/0080-05;Bens e serviços - Lei nº 14.133/21
2025;Dispensa de Licitação;Dispensa de Licitação - Casos de emergência ou de calamidade pública;INST.DE PREVIDENCIA DOS SERVIDORES DO EST.M.GERAIS;2012015 000155/2025;2025-04-02;Aquisição EMERGENCIAL de FIOS CIRÚRGICOS I, para o abastecimento do Almoxarifado do Hospital Governador Israel Pinheiro - HGIP.;Concluído;Por item;AGIS MEDICAL PRODUTOS HOSPITALARES LTDA;05.222.267/0001-47;Bens e serviços - Lei nº 14.133/21
2025;Dispensa de Licitação;Dispensa de Licitação - Casos de emergência ou de calamidade pública;INST.DE PREVIDENCIA DOS SERVIDORES DO EST.M.GERAIS;2012015 000156/2025;2025-03-19;A aquisição EMERGENCIAL de MATERIAL do tipo FILMES RADIOLÓGICOS, para o abastecimento do Almoxarifado do Hospital Governador Israel Pinheiro - HGIP.;Concluído;Por item;LUMIX HEALTHCARE LTDA;48.146.804/0002-00;Bens e serviços - Lei nº 14.133/21
2025;Dispensa de Licitação;Dispensa de Licitação - Casos de emergência ou de calamidade pública;INST.DE PREVIDENCIA DOS SERVIDORES DO EST.M.GERAIS;2012015 000161/2025;2025-02-28;A aquisição EMERGENCIAL de EQUIPOS DE BOMBA com LOCAÇÃO DE EQUIPAMENTOS (bombas infusão), para o abastecimento do Almoxarifado do Hospital Governador Israel Pinheiro - HGIP,;Concluído;Por lote;BIOPLASMA PRODUTOS PARA LABORATORIOS E CORRELATOS LTDA;04.086.552/0001-15;Bens e serviços - Lei nº 14.133/21
2025;Dispensa de Licitação;Dispensa de Licitação - Casos de emergência ou de calamidade pública;INST.DE PREVIDENCIA DOS SERVIDORES DO EST.M.GERAIS;2012015 000162/2025;2025-04-14;A contratação de serviços de adolescentes trabalhadores, a serem admitidos e registrados pela CONTRATADA, visando à formação pessoal e profissional por meio do trabalho, a serem executados com regime de dedicação exclusiva de mão de obra;Concluído;Por item;ASSOCIACAO PROFISSIONALIZANTE DO MENOR DE BELO HORIZONTE -ASSPROM;19.201.128/0001-41;Bens e serviços - Lei nº 14.133/21
2025;Dispensa de Licitação;Dispensa de Licitação - Casos de emergência ou de calamidade pública;INST.DE PREVIDENCIA DOS SERVIDORES DO EST.M.GERAIS;2012015 000162/2025;2025-07-29;A contratação de serviços de adolescentes trabalhadores, a serem admitidos e registrados pela CONTRATADA, visando à formação pessoal e profissional por meio do trabalho, a serem executados com regime de dedicação exclusiva de mão de obra;Concluído;Por item;ASSOCIACAO PROFISSIONALIZANTE DO MENOR DE BELO HORIZONTE -ASSPROM;19.201.128/0001-41;Bens e serviços - Lei nº 14.133/21
2025;Dispensa de Licitação;Dispensa de Licitação - Casos de emergência ou de calamidade pública;INST.DE PREVIDENCIA DOS SERVIDORES DO EST.M.GERAIS;2012015 000166/2025;2025-05-12;É em caráter emergencial, da prestação de serviços de locação por 90 (noventa) dias, de 02(dois) Grupos Motor Gerador - GMG, em paralelo, 500 kVA cada, com Quadro de Transferência Automática - QTA e Unidade de Supervisão e Controle Automático - USCA, incluindo o fornecimento de cabos elétricos dimensionados conforme NBR5410 interligando os GMGs ao QTA e este ao barramento elétrico da Concessionária de Energia Elétrica na subestação de Energia do Hospital Governador Israel Pinheiro - HGIP,.;Concluído;Por item;THORIO LOCACAO DE GERADORES LTDA;11.130.012/0001-57;Bens e serviços - Lei nº 14.133/21
2025;Dispensa de Licitação;Dispensa de Licitação - Casos de emergência ou de calamidade pública;INST.DE PREVIDENCIA DOS SERVIDORES DO EST.M.GERAIS;2012015 000176/2025;2025-04-09;A aquisição EMERGENCIAL de MEDICAMENTO do tipo FRAÇÃO ÁCIDA para o abastecimento do Almoxarifado do Hospital Governador Israel Pinheiro - HGIP.;Concluído;Por item;FARMARIN INDUSTRIA E COMERCIO LTDA;58.635.830/0001-75;Bens e serviços - Lei nº 14.133/21
2025;Dispensa de Licitação;Dispensa de Licitação - Casos de emergência ou de calamidade pública;INST.DE PREVIDENCIA DOS SERVIDORES DO EST.M.GERAIS;2012015 000177/2025;2025-06-12;A aquisição EMERGENCIAL de MEDICAMENTO do tipo SULFATO DE MAGNÉSIO, para o abastecimento do Almoxarifado do Hospital Governador Israel Pinheiro-HGIP/IPSEMG.;Concluído;Por item;VASCONCELOS INDUSTRIA FARMACEUTICA E COMERCIO LTDA;05.155.425/0001-93;Bens e serviços - Lei nº 14.133/21
2025;Dispensa de Licitação;Dispensa de Licitação - Casos de emergência ou de calamidade pública;INST.DE PREVIDENCIA DOS SERVIDORES DO EST.M.GERAIS;2012015 000179/2025;2025-06-16;A  aquisição EMERGENCIAL de MATERIAL do tipo SONDA DE ASPIRAÇÃO TRAQUEAL COM VÁLVULA N.6, para o abastecimento do Almoxarifado do Hospital Governador Israel Pinheiro-HGIP/IPSEMG.;Concluído;Por item;ALFALAGOS LTDA ;05.194.502/0001-14;Bens e serviços - Lei nº 14.133/21
2025;Dispensa de Licitação;Dispensa de Licitação - Casos de emergência ou de calamidade pública;INST.DE PREVIDENCIA DOS SERVIDORES DO EST.M.GERAIS;2012015 000180/2025;2025-04-23;A aquisição EMERGENCIAL de MATERIAIS MÉDICO-HOSPITALARES do tipo LÂMINAS DESCARTÁVEIS PARA TRICOTOMIZADOR CIRÚRGICO, PARA TONSURA DE CABELOS MOLHADOS E SECOS, COM DISPONIBILIZAÇÃO DE TRICOTOMIZADORES CIRÚRGICOS EM COMODATO, para o Bloco Cirúrgico, Clínica de Hemodinâmica, Endoscopia, CTI Adulto e Centro Obstétrico, dentre outras unidades do Hospital Governador Israel Pinheiro (HGIP).;Concluído;Por item;CM HOSPITALAR S.A.;12.420.164/0036-87;Bens e serviços - Lei nº 14.133/21
2025;Dispensa de Licitação;Dispensa de Licitação - Casos de emergência ou de calamidade pública;INST.DE PREVIDENCIA DOS SERVIDORES DO EST.M.GERAIS;2012015 000182/2025;2025-05-09;Prestação de serviço - SERVIÇO DE CONTROLE DE QUALIDADE ATRAVÉS DE ENSAIOS DE PROFICIÊNCIA E BOAS PRÁTICA, para atender às necessidades da farmácia satélite da Quimioterapia do Hospital Governador Israel Pinheiro - HGIP;Concluído;Por item;BIOCONTROL LTDA - EPP;07.967.038/0001-87;Bens e serviços - Lei nº 14.133/21
2025;Dispensa de Licitação;Dispensa de Licitação - Casos de emergência ou de calamidade pública;INST.DE PREVIDENCIA DOS SERVIDORES DO EST.M.GERAIS;2012015 000188/2025;2025-05-13;A aquisição EMERGENCIAL de MEDICAMENTO do tipo FOSFATO DE POTÁSSIO, para o abastecimento do Almoxarifado do Hospital Governador Israel Pinheiro - HGIP.;Concluído;Por item;PROMEFARMA MEDICAMENTOS E PRODUTOS HOSPITALARES LTDA;81.706.251/0001-98;Bens e serviços - Lei nº 14.133/21
2025;Dispensa de Licitação;Dispensa de Licitação - Casos de emergência ou de calamidade pública;INST.DE PREVIDENCIA DOS SERVIDORES DO EST.M.GERAIS;2012015 000199/2025;2025-08-25;A compra EMERGENCIAL de reagentes para realização de exames de imuno-hematologia pela técnica de aglutinação em coluna com a locação de equipamentos para atendimento aos pacientes do Hospital Governador Israel Pinheiro (HGIP).;Concluído;Por item;GRIFOLS BRASIL LTDA;02.513.899/0004-14;Bens e serviços - Lei nº 14.133/21
2025;Dispensa de Licitação;Dispensa de Licitação - Casos de emergência ou de calamidade pública;INST.DE PREVIDENCIA DOS SERVIDORES DO EST.M.GERAIS;2012015 000204/2025;2025-07-03;A aquisição EMERGENCIAL de MATERIAL do tipo EQUIPO PARA ADMINISTRAÇÃO DE SOLUÇÃO ENTERAL para o abastecimento do Almoxarifado do Hospital Governador Israel Pinheiro-HGIP/IPSEMG.;Concluído;Por item;FORTECARE INDUSTRIA DE PRODUTOS MEDICOS LTDA;08.474.646/0001-12;Bens e serviços - Lei nº 14.133/21
2025;Dispensa de Licitação;Dispensa de Licitação - Casos de emergência ou de calamidade pública;INST.DE PREVIDENCIA DOS SERVIDORES DO EST.M.GERAIS;2012015 000206/2025;2025-06-23;Prestação de serviços de produção, distribuição e comercialização de refeições nutricionalmente balanceadas e em condições higiênico-sanitárias adequadas em unidades do IPSEMG pelo período de 12 (doze meses), com concessão onerosa de uso de espaço público no Hospital Governador Israel Pinheiro (HGIP).;Concluído;Por lote;COOK EMPREENDIMENTOS EM ALIMENTACAO COLETIVA LTDA.;16.654.626/0001-51;Bens e serviços - Lei nº 14.133/21
2025;Dispensa de Licitação;Dispensa de Licitação - Casos de emergência ou de calamidade pública;INST.DE PREVIDENCIA DOS SERVIDORES DO EST.M.GERAIS;2012015 000208/2025;2025-07-08;A aquisição EMERGENCIAL de Material Médico-Hospitalar do tipo Fio Guia, utilizado em procedimentos da Clínica de Angiologia, realizado no Hospital Governador Israel Pinheiro-HGIP/IPSEMG.;Concluído;Por item;SMT IMPORTADORA E DISTRIBUIDORA DE PRODUTOS HOSPITALARES LTDA.;08.862.233/0001-05;Bens e serviços - Lei nº 14.133/21
2025;Dispensa de Licitação;Dispensa de Licitação - Casos de emergência ou de calamidade pública;INST.DE PREVIDENCIA DOS SERVIDORES DO EST.M.GERAIS;2012015 000211/2025;2025-08-04;Aquisição EMERGENCIAL de MATERIAL do tipo EQUIPO SIMPLES DE SOLUÇÃO PARENTERAL COM FILTRO, para o abastecimento por 12 (doze) meses do Almoxarifado do Hospital Governador Israel Pinheiro - HGIP,;Concluído;Por item;SOMA/MG PRODUTOS HOSPITALARES LTDA;12.927.876/0001-67;Bens e serviços - Lei nº 14.133/21
2025;Dispensa de Licitação;Dispensa de Licitação - Casos de emergência ou de calamidade pública;INST.DE PREVIDENCIA DOS SERVIDORES DO EST.M.GERAIS;2012015 000212/2025;2025-07-15;Aquisição EMERGENCIAL de Materiais Médico Hospitalares do Conjunto introdutor, necessários à realização dos procedimentos cirúrgicos da Clínica de Angiologia do Hospital Governador Israel Pinheiro HGIP/IPSEMG;Concluído;Por item;SURGTECH DISPOSITIVOS MEDICOS LTDA;46.573.239/0001-51;Bens e serviços - Lei nº 14.133/21
2025;Dispensa de Licitação;Dispensa de Licitação - Casos de emergência ou de calamidade pública;INST.DE PREVIDENCIA DOS SERVIDORES DO EST.M.GERAIS;2012015 000212/2025;2025-07-15;Aquisição EMERGENCIAL de Materiais Médico Hospitalares do Conjunto introdutor, necessários à realização dos procedimentos cirúrgicos da Clínica de Angiologia do Hospital Governador Israel Pinheiro HGIP/IPSEMG, sob a forma de entrega anual/parcelada e em regime de consignação (item 1 e 3).;Concluído;Por item;SUPLEN MEDICAL LTDA;21.581.995/0003-63;Bens e serviços - Lei nº 14.133/21
2025;Dispensa de Licitação;Dispensa de Licitação - Casos de emergência ou de calamidade pública;INST.DE PREVIDENCIA DOS SERVIDORES DO EST.M.GERAIS;2012015 000212/2025;2025-07-15;Aquisição EMERGENCIAL de Materiais Médico Hospitalares do Conjunto introdutor, necessários à realização dos procedimentos cirúrgicos da Clínica de Angiologia do Hospital Governador Israel Pinheiro HGIP/IPSEMG, sob a forma de entrega anual/parcelada e em regime de consignação ((itens 1 e 3).;Concluído;Por item;E TAMUSSINO E CIA LTDA;33.100.082/0008-71;Bens e serviços - Lei nº 14.133/21
2025;Dispensa de Licitação;Dispensa de Licitação - Casos de emergência ou de calamidade pública;INST.DE PREVIDENCIA DOS SERVIDORES DO EST.M.GERAIS;2012015 000221/2025;2025-09-17;A aquisição EMERGENCIAL de DIALISADOR - INSUMO PARA HEMODIÁLISE, para o abastecimento por 12 (doze) meses do Almoxarifado do Hospital Governador Israel Pinheiro - HGIP.;Concluído;Por item;LABORATORIOS B BRAUN SA;31.673.254/0010-95;Bens e serviços - Lei nº 14.133/21
2025;Dispensa de Licitação;Dispensa de Licitação - Casos de emergência ou de calamidade pública;INST.DE PREVIDENCIA DOS SERVIDORES DO EST.M.GERAIS;2012015 000256/2025;2025-09-10;Aquisição EMERGENCIAL de Materiais Médico Hospitalares do tipo Cateter angiográfico, necessários à realização dos procedimentos cirúrgicos da Clínica de Angiologia do Hospital Governador Israel Pinheiro HGIP/IPSEMG.;Concluído;Por item;SUPRI ARTIGOS MEDICO-HOSPITALARES LTDA;07.260.050/0004-08;Bens e serviços - Lei nº 14.133/21
2025;Dispensa de Licitação;Dispensa de Licitação - Casos de emergência ou de calamidade pública;INST.DE PREVIDENCIA DOS SERVIDORES DO EST.M.GERAIS;2012015 000262/2025;2025-09-18;A aquisição EMERGENCIAL de Materiais Médico Hospitalares do tipo Kit para Extração de Cálculos, necessários à realização dos procedimentos cirúrgicos da Clínica de Urologia do Hospital Governador Israel Pinheiro HGIP/IPSEMG.;Concluído;Por item;ATAX - EMPREENDIMENTOS COMERCIAIS LTDA;11.493.941/0001-20;Bens e serviços - Lei nº 14.133/21
2025;Dispensa de Licitação;Dispensa de Licitação - Casos de emergência ou de calamidade pública;INST.DE PREVIDENCIA DOS SERVIDORES DO EST.M.GERAIS;2012015 000272/2025;2025-10-21;CONTRATO NÃO PUBLICADO;Concluído;Por item;CM HOSPITALAR S.A.;12.420.164/0005-80;Bens e serviços - Lei nº 14.133/21
2025;Dispensa de Licitação;Dispensa de Licitação - Casos de emergência ou de calamidade pública;INST.DE PREVIDENCIA DOS SERVIDORES DO EST.M.GERAIS;2012015 000280/2025;2025-10-07;A aquisição EMERGENCIAL de MATERIAL do tipo PULSEIRA P/IDENTIFICACAO DE PACIENTE, para o abastecimento do Almoxarifado do Hospital Governador Israel Pinheiro-HGIP/IPSEMG,;Concluído;Por item;WINDOC GESTAO DE DOCUMENTOS LTDA;40.997.647/0001-54;Bens e serviços - Lei nº 14.133/21
2025;Dispensa de Licitação;Dispensa de Licitação - Casos de emergência ou de calamidade pública;INST.DE PREVIDENCIA DOS SERVIDORES DO EST.M.GERAIS;2012015 000298/2025;2025-11-10;A contratação emergencial de prestação de serviço com fornecimento de bens, que visa a entrega e instalação de válvulas industriais, sendo 04 (quatro) válvulas de segurança, modelo LC, com pressão de abertura/alívio de 10,5 kgf/cm² e conexão de 2¿, e 02(duas) válvulas tipo globo, tamanho nominal de 5¿ (DN 125), classe de pressão 150 libras, conexão flangeada, incluindo o fornecimento de materiais, ferramentas e acessórios necessários, bem como a execução completa dos serviços de montagem, fixação, vedação, testes de estanqueidade e verificação de funcionamento, em conformidade com as normas técnicas aplicáveis (ASME, API e ABNT);Concluído;Por lote;TERMIL TERMO INSTALACOES LTDA -EPP;16.714.263/0001-00;Bens e serviços - Lei nº 14.133/21
2025;Dispensa de Licitação;Dispensa de Licitação - Casos de emergência ou de calamidade pública;INST. EST. DO PATRIMONIO HIST. E ARTISTICO DE MG;2201002 000005/2025;2025-04-15; locação de mão de obra visando a formação pessoal e profissional de 06 (seis) adolescentes trabalhadores, menores de 18 (dezoito) anos, oriundos de famílias de baixa renda e/ou em situação de vulnerabilidade e risco social, selecionados e admitidos pelo Contratado, conforme critérios estabelecidos no Estatuto da ASSPROM e normas que visam a orientação e formação profissionalizante e sua inserção no mercado de trabalho, e registrados pelo regime CLT, para a execução de atividades administrativas de menor complexidade nas unidades do Instituto Estadual do Patrimônio Histórico e Artístico de Minas Gerais ¿ IEPHA-MG, em consonância com as especificações e, que deve ser executado conforme condições do Termo de Referência e nos Anexos I,II e III  deste instrumento.;Concluído;Por lote;ASSOCIACAO PROFISSIONALIZANTE DO MENOR DE BELO HORIZONTE -ASSPROM;19.201.128/0001-41;Bens e serviços - Lei nº 14.133/21
2025;Dispensa de Licitação;Dispensa de Licitação - Casos de emergência ou de calamidade pública;INSTITUTO MINEIRO DE AGROPECUARIA;2371036 000028/2025;2025-05-30;INEXISTENTE;Concluído;Por lote;GRAFICA SILVA LARA LTDA -EPP;16.504.870/0001-38;Bens e serviços - Lei nº 14.133/21
2025;Dispensa de Licitação;Dispensa de Licitação - Casos de emergência ou de calamidade pública;INSTITUTO MINEIRO DE AGROPECUARIA;2371036 000086/2025;2025-12-29;Prestação de serviços de informática.;Concluído;Por lote;COMPANHIA DE TECNOLOGIA DA INFORMACAO DO ESTADO DE MINAS GERAIS-PRODEMGE;16.636.540/0001-04;Bens e serviços - Lei nº 14.133/21
2025;Dispensa de Licitação;Dispensa de Licitação - Casos de emergência ou de calamidade pública;INST.PREV.DOS SERV.MILITARES DO ESTADO M.GERAIS;2121005 000042/2025;2025-05-19;aquisição do medicamento Insulina Asparte Fiasp 100ui/3ml em cumprimento de determinação judicial e sob entrega de forma parcelada, visando a continuidade no atendimento às necessidades de tratamento da beneficiária R.D.F.V., integrante do Sistema de Saúde (SISAU) - PMMG/CBMMG/IPSM, residente no Estado de Minas Gerais, de acordo com as necessidades do Instituto de Previdência dos Servidores Militares - IPSM, nos termos da tabela abaixo, que deve ser executado conforme condições do Termo de Referência.;Concluído;Por lote;ONCO PROD DISTRIBUIDORA DE PRODUTOS HOSPITALARES E ONCOLOGICOS LTDA.;04.307.650/0025-02;Bens e serviços - Lei nº 14.133/21
2025;Dispensa de Licitação;Dispensa de Licitação - Casos de emergência ou de calamidade pública;POLICIA CIVIL DO ESTADO DE MINAS GERAIS;1511189 000064/2025;2025-07-11;prestação de serviços de Emissão de Carteira de Identidade em Papel, incluindo Manutenção e Continuidade dos Equipamentos de Captura Biométrica.;Concluído;Por lote;VALID SOLUCOES S A;33.113.309/0067-73;Bens e serviços - Lei nº 14.133/21
2025;Dispensa de Licitação;Dispensa de Licitação - Casos de emergência ou de calamidade pública;POLICIA CIVIL DO ESTADO DE MINAS GERAIS;1511189 000196/2025;2025-09-08; a prestação de serviços de engenharia para correções de infiltrações no imóvel onde funciona o Centro Odontológico da PCMG localizado à Rua Bernardo Guimarães, 1280, Bairro Funcionários, Belo Horizonte/MG.;Concluído;Por lote;RSR ENGENHARIA LTDA -EPP;03.493.841/0001-76;Bens e serviços - Lei nº 14.133/21
2025;Dispensa de Licitação;Dispensa de Licitação - Casos de emergência ou de calamidade pública;POLICIA MILITAR DE MINAS GERAIS;1259975 000048/2025;2025-10-09;INEXISTENTE;Concluído;Por item;CMVET CENTRO MEDICO VETERINARIO LTDA;19.984.309/0001-91;Bens e serviços - Lei nº 14.133/21
2025;Dispensa de Licitação;Dispensa de Licitação - Casos de emergência ou de calamidade pública;PROCURADORIA GERAL DE JUSTICA;1091012 000193/2025;2025-09-08;Prestação de serviços de manutenção corretiva emergencial da fachada, com fornecimento de mão de obra qualificada em acesso por cordas, materiais e equipamentos, no prédio do Ministério Público de Minas Gerais, localizado na Av. Álvares Cabral, 1707, Belo Horizonte/MG.;Concluído;Por item;D.P. TRABALHOS EM ALTURA LTDA - ME;20.160.334/0001-30;Obras e serviços de engenharia - Lei nº 14.133/21
2025;Dispensa de Licitação;Dispensa de Licitação - Casos de emergência ou de calamidade pública;SECRETARIA DE ESTADO DA SAUDE;1320045 000008/2025;2025-07-29;INEXISTENTE;Concluído;Por item;GENETIK IMPORTADORA E DISTRIBUIDORA LTDA;17.029.090/0001-46;Bens e serviços - Lei nº 14.133/21
2025;Dispensa de Licitação;Dispensa de Licitação - Casos de emergência ou de calamidade pública;SECRETARIA DE ESTADO DE EDUCACAO;1261347 000101/2025;2025-11-25;Contratação emergencial de 50 (cinquenta) licenças do software Autodesk AutoCAD LT, em regime de assinatura (subscrição anual), com suporte técnico e atualizações inclusas, para uso da Diretoria de Obras da Rede Estadual (DORE) e das Superintendências Regionais de Ensino (SREs), garantindo a continuidade das atividades técnicas de elaboração, análise e fiscalização de projetos de engenharia e arquitetura da rede estadual de ensino. ;Concluído;Por item;MAPDATA-TECNOLOGIA,INFORMATICA E COMERCIO LTDA;66.582.784/0001-11;Bens e serviços - Lei nº 14.133/21
2025;Dispensa de Licitação;Dispensa de Licitação - Casos de emergência ou de calamidade pública;SECRETARIA DE ESTADO DE JUSTICA E SEGURANCA PUBLIC;1451044 000077/2025;2025-04-29;"O objeto do presente Contrato é a ""Contratação de serviços de preparação, produção e fornecimento contínuo de refeições e lanches prontos, na forma transportada, destinado ao Centro Socioeducativo de Pirapora, em lote único, assegurando uma alimentação balanceada e em condições higiênico-sanitárias adequadas, aos adolescentes acautelados e servidores públicos da Secretaria de Estado de Educação do Estado de Minas Gerais a serviço na unidade socioeducativa em epígrafe, conforme condições e exigências estabelecidas no Termo de Referência"".";Concluído;Por lote;DORES FOOD LTDA;25.371.336/0001-91;Bens e serviços - Lei nº 14.133/21
2025;Dispensa de Licitação;Dispensa de Licitação - Casos de emergência ou de calamidade pública;SECRETARIA DE ESTADO DE JUSTICA E SEGURANCA PUBLIC;1451044 000328/2025;2025-10-15;"O objeto do presente Contrato é a ""Contratação de serviços de preparação, produção e fornecimento contínuo de refeições e lanches prontos, na forma transportada, destinado ao Centro Socioeducativo de Governador Valadares, em lote único, assegurando uma alimentação balanceada e em condições higiênico-sanitárias adequadas, aos adolescentes acautelados e servidores públicos da Secretaria de Estado de Educação do Estado de Minas Gerais a serviço na unidade socioeducativa em epígrafe, conforme condições e exigências estabelecidas no Termo de Referência"".";Concluído;Por lote;DORES FOOD LTDA;25.371.336/0001-91;Bens e serviços - Lei nº 14.133/21
2025;Dispensa de Licitação;Dispensa de Licitação - Casos de emergência ou de calamidade pública;SECRETARIA DE ESTADO DE JUSTICA E SEGURANCA PUBLIC;1451044 000375/2025;2025-11-07;"O objeto do presente Contrato é a ""Contratação de serviços de preparação, produção e fornecimento contínuo de refeições e lanches prontos, na forma administrada, dentro das instalações do Centro Socioeducativo de Teófilo Otoni, em lote único, assegurando uma alimentação balanceada e em condições higiênico-sanitárias adequadas, aos adolescentes acautelados e servidores públicos da Secretaria de Estado de Educação do Estado de Minas Gerais a serviço na unidade socioeducativa em epígrafe, conforme condições e exigências estabelecidas no Termo de Referência"".";Concluído;Por lote;NUTRIVIP ALIMENTACAO LTDA.;09.487.591/0005-71;Bens e serviços - Lei nº 14.133/21
2025;Dispensa de Licitação;Dispensa de Licitação - Casos de emergência ou de calamidade pública;SECRETARIA DE ESTADO DE JUSTICA E SEGURANCA PUBLIC;1451044 000413/2025;2025-11-28;"""Contratação de serviços de preparação, produção e fornecimento contínuo de refeições e lanches prontos, na forma transportada, destinado às Unidades Socioeducativas: Centro de Internação Provisória Dom Bosco, Centro Socioeducativo de Ribeirão das Neves e Centro Integrado de Atendimento ao Adolescente Autor de Ato Infracional - CIA BH, em lote único, assegurando uma alimentação balanceada e em condições higiênico-sanitárias adequadas, aos adolescentes acautelados e servidores públicos da Secretaria de Estado de Educação do Estado de Minas Gerais a serviço nas unidades socioeducativas em epígrafe, conforme condições e exigências estabelecidas no Termo de Referência"".";Concluído;Por lote;DISTRIBUIDORA SOLUCOES INDUSTRIAIS LTDA;58.411.291/0001-90;Bens e serviços - Lei nº 14.133/21
2025;Dispensa de Licitação;Dispensa de Licitação - Casos de emergência ou de calamidade pública;TRIBUNAL DE CONTAS DO ESTADO DE MINAS GERAIS;1021007 000236/2025;2025-10-08;INEXISTENTE;Concluído;Por item;VALOR LOCACOES LTDA;07.475.524/0001-88;Bens e serviços - Lei nº 14.133/21
2025;Dispensa de Licitação;Dispensa de Licitação - Casos de emergência ou de calamidade pública;TRIBUNAL DE JUSTICA DO ESTADO DE MINAS GERAIS;1031018 000124/2025;2025-02-07;CT TJMG 108/2025 ALVIM CAMARGOS ENGENHEIROS ASSOCIADOS LTDA._x000D_ _x000D_ Prestação de serviços comum de engenharia de assessoria técnica para análise/avaliação da estrutura em concreto armado na edificação existente destinado à futura sede da Escola Judicial Desembargador Edésio Fernandes - EJEF._x000D_ _x000D_ SEI 0261746-08.2024.8.13.0000;Concluído;Por lote;ALVIM CAMARGOS ENGENHEIROS ASSOCIADOS LTDA;11.791.809/0001-03;Obras e serviços de engenharia - Lei nº 14.133/21
2025;Dispensa de Licitação;Dispensa de Licitação - Casos de emergência ou de calamidade pública;TRIBUNAL DE JUSTICA DO ESTADO DE MINAS GERAIS;1031018 000165/2025;2025-01-28;INEXISTENTE;Concluído;Por lote;ALCANTARA CLIMATIZACAO, ENGENHARIA E SERVICOS LTDA;53.767.074/0001-14;Bens e serviços - Lei nº 14.133/21
2025;Dispensa de Licitação;Dispensa de Licitação - Casos de emergência ou de calamidade pública;TRIBUNAL DE JUSTICA DO ESTADO DE MINAS GERAIS;1031018 000543/2025;2025-07-21;CONTRATO NÃO PUBLICADO;Concluído;Por lote;OI S.A. - EM RECUPERACAO JUDICIAL;76.535.764/0001-43;Bens e serviços - Lei nº 14.133/21
2025;Dispensa de Licitação;Dispensa de Licitação - Casos de emergência ou de calamidade pública;TRIBUNAL DE JUSTICA DO ESTADO DE MINAS GERAIS;1031018 000558/2025;2025-07-24;CT TJMG 230/2025 OI S.A. - Em Recuperação Judicial._x000D_ _x000D_ Prestação de serviços de Telefonia Fixa Comutada (STFC), na modalidade local e discagem direta gratuita (DDG)._x000D_ _x000D_ SEI 0161653-03.2025.8.13.0000;Concluído;Por lote;OI S.A. - EM RECUPERACAO JUDICIAL;76.535.764/0001-43;Bens e serviços - Lei nº 14.133/21
2025;Dispensa de Licitação;Dispensa de Licitação - Casos de emergência ou de calamidade pública;TRIBUNAL DE JUSTICA DO ESTADO DE MINAS GERAIS;1031018 000601/2025;2025-08-04;CT TJMG 263/2025 OI S.A. - Em Recuperação Judicial._x000D_ _x000D_ Continuidade da prestação de serviços de Telefonia Fixa Comutada (STFC), na modalidade local e discagem direta gratuita (DDG)._x000D_ _x000D_ SEI 0159088-66.2025.8.13.0000;Concluído;Por item;OI S.A. - EM RECUPERACAO JUDICIAL;76.535.764/0001-43;Bens e serviços - Lei nº 14.133/21
2025;Dispensa de Licitação;Dispensa de Licitação - Casos de emergência ou de calamidade pública;TRIBUNAL DE JUSTICA DO ESTADO DE MINAS GERAIS;1031018 000915/2025;2025-11-13;CT TJMG 386/2025 WYNTECH SERVIÇOS EM TECNOLOGIA DA INFORMAÇÃO LTDA._x000D_ _x000D_ Prestação de serviços presenciais (field service) de TIC, os quais englobam suporte técnico à microinformática e ativos de rede, manutenção de equipamentos com aplicação de peças de reposição, componentes e consumíveis, solicitações de serviços para implantação, instalação, movimentação, substituição e recolhimento/remoção de equipamentos e aplicações de microinformática e de rede, incluindo transporte, serviços operacionais de apoio à TIC e serviços de diagnóstico e recuperação de dados, a serem executados em todo o TRIBUNAL, na capital e no interior do Estado de Minas Gerais, mantendo as condições anteriormente estabelecidas no Contrato nº. 296/2019._x000D_ _x000D_ SEI 0242302-52.2025.8.13.0000;Concluído;Por lote;WYNTECH SERVICOS EM TECNOLOGIA DA INFORMACAO LTDA;08.911.585/0001-03;Bens e serviços - Lei nº 14.133/21
2025;Dispensa de Licitação;Dispensa de Licitação - Casos de emergência ou de calamidade pública;TRIBUNAL DE JUSTICA DO ESTADO DE MINAS GERAIS;1031018 000952/2025;2025-11-25;CT TJMG 398/2025 STEFANINI CONSULTORIA E ASSESSORIA EM INFORMÁTICA S.A._x000D_ _x000D_ Prestação, de forma contínua, de serviços de suporte operacional especializado de TIC, a serem executados nas dependências do TRIBUNAL._x000D_ _x000D_ SEI 0253425-47.2025.8.13.0000;Concluído;Por lote;STEFANINI CONSULTORIA E ASSESSORIA EM INFORMATICA S.A.;58.069.360/0001-20;Bens e serviços - Lei nº 14.133/21
2025;Dispensa de Licitação;Dispensa de Licitação - Casos de emergência ou de calamidade pública;UNIVERSIDADE ESTADUAL DE MONTES CLAROS;2311021 000093/2025;2025-10-22;Aquisição do conjunto de motobomba submersa trifásica, destinada à substituição de equipamento danificado que compõe o sistema de abastecimento de água do Campus Universitário Professor Darcy Ribeiro, da Universidade Estadual de Montes Claros ¿ UNIMONTES;Concluído;Por lote;CASA DO MOTOR LTDA -EPP;03.150.785/0001-77;Bens e serviços - Lei nº 14.133/21
2025;Dispensa de Licitação;Dispensa de Licitação - Casos de emergência ou de calamidade pública;UNIVERSIDADE ESTADUAL DE MONTES CLAROS;2311021 000097/2025;2025-11-01;SEI! 2310.01.0023536/2025-31 - Aquisição e instalação de transformador de 112,5 kVA ¿ 220/127 V, destinado à substituição de equipamento avariado, de média tensão, que atende ao Centro de Ciências Exatas - CCET, Prédio 3 do Campus Universitário Professor Darcy Ribeiro, pertencente à Universidade Estadual de Montes Claros ¿ UNIMONTES.;Concluído;Por lote;ESEC EMPRESA DE SERVICOS ELETRICOS E CONSTRUCOES S.A.;13.179.251/0001-27;Bens e serviços - Lei nº 14.133/21
2025;Dispensa de Licitação;Dispensa de Licitação - Casos de emergência ou de calamidade pública;UNIVERSIDADE ESTADUAL DE MONTES CLAROS;2311076 000004/2025;2025-02-04;INEXISTENTE;Concluído;Por lote;FERRO & VASCONCELOS ALIMENTOS LTDA;53.317.358/0001-09;Bens e serviços - Lei nº 14.133/21
2025;Dispensa de Licitação;Dispensa de Licitação - Casos de emergência ou de calamidade pública;UNIVERSIDADE ESTADUAL DE MONTES CLAROS;2311076 000502/2025;2025-07-25;INEXISTENTE;Concluído;Por lote;DCB DISTRIBUIDORA CIRURGICA BRASILEIRA LTDA;20.235.404/0001-71;Bens e serviços - Lei nº 14.133/21
2025;Dispensa de Licitação;Dispensa de Licitação - Casos de emergência ou de calamidade pública;UNIVERSIDADE ESTADUAL DE MONTES CLAROS;2311076 000592/2025;2025-09-02;AQUISIÇÃO DE ATADURAS DE CREPOM;Concluído;Por lote;DCB DISTRIBUIDORA CIRURGICA BRASILEIRA LTDA;20.235.404/0001-71;Bens e serviços - Lei nº 14.133/21
2025;Dispensa de Licitação;Dispensa de Licitação - Casos de emergência ou de calamidade pública;UNIVERSIDADE ESTADUAL DE MONTES CLAROS;2311076 000681/2025;2025-09-30;AQUISIÇÃO DE PRODUTOS DE CONSERVAÇÃO - HIGIENIZADOR, HIPOCLORITO E SABONETE LÍQUIDO.;Concluído;Por lote;NATALIA DISTRIBUIDORA LTDA-ME;04.930.131/0001-29;Bens e serviços - Lei nº 14.133/21
2025;Dispensa de Licitação;Dispensa de Licitação - Casos de emergência ou de calamidade pública;UNIVERSIDADE ESTADUAL DE MONTES CLAROS;2311076 000681/2025;2025-09-30;AQUISIÇÃO DE PRODUTOS DE CONSERVAÇÃO - HIGIENIZADOR, HIPOCLORITO E SABONETE LÍQUIDO.;Concluído;Por lote;NOVO AROMA COMERCIO DE PRODUTOS DE LIMPEZA & HIGIENE LTDA EPP;07.904.575/0001-88;Bens e serviços - Lei nº 14.133/21
2025;Dispensa de Licitação;Dispensa de Licitação - Casos de emergência ou de calamidade pública;UNIVERSIDADE ESTADUAL DE MONTES CLAROS;2311076 000930/2025;2025-12-23; objeto do presente Contrato é a aquisição de AQUISIÇÃO DE SABONETE LÍQUIDO, sob a forma de entrega PARCELADA, que deve ser executado conforme condições deste contrato e do Termo de Referência - SEI 130201140;Concluído;Por lote;NATALIA DISTRIBUIDORA LTDA-ME;04.930.131/0001-29;Bens e serviços - Lei nº 14.133/21
